Record Length,2.500000e+03,,  -5.080000000000,   0.04000,
Sample Interval,4.000000e-03,,  -5.076000000000,   0.03800,
Trigger Point,1.270000000000e+03,,  -5.072000000000,   0.04000,
,,,  -5.068000000000,   0.04000,
,,,  -5.064000000000,   0.04000,
,,,  -5.060000000000,   0.03000,
Source,CH2,,  -5.056000000000,   0.03800,
Vertical Units,V,,  -5.052000000000,   0.03400,
Vertical Scale,5.000000e-02,,  -5.048000000000,   0.04000,
Vertical Offset,-1.680000e-01,,  -5.044000000000,   0.03600,
Horizontal Units,s,,  -5.040000000000,   0.04000,
Horizontal Scale,1.000000e+00,,  -5.036000000000,   0.03800,
Pt Fmt,Y,,  -5.032000000000,   0.04000,
Yzero,0.000000e+00,,  -5.028000000000,   0.03800,
Probe Atten,1.000000e+00,,  -5.024000000000,   0.03800,
Model Number,TDS2012C,,  -5.020000000000,   0.03600,
Serial Number,C012957,,  -5.016000000000,   0.03800,
Firmware Version,FV:v24.09,,  -5.012000000000,   0.03800,
,,,-05.008000000000,   0.03800,
,,,-05.004000000000,   0.03800,
,,,-05.000000000000,   0.03600,
,,,-04.996000000000,   0.03600,
,,,-04.992000000000,   0.03800,
,,,-04.988000000000,   0.03400,
,,,-04.984000000000,   0.03600,
,,,-04.980000000000,   0.03600,
,,,-04.976000000000,   0.03600,
,,,-04.972000000000,   0.03600,
,,,-04.968000000000,   0.03400,
,,,-04.964000000000,   0.03600,
,,,-04.960000000000,   0.03400,
,,,-04.956000000000,   0.03600,
,,,-04.952000000000,   0.03600,
,,,-04.948000000000,   0.03200,
,,,-04.944000000000,   0.03600,
,,,-04.940000000000,   0.03400,
,,,-04.936000000000,   0.03600,
,,,-04.932000000000,   0.03600,
,,,-04.928000000000,   0.03400,
,,,-04.924000000000,   0.03400,
,,,-04.920000000000,   0.03400,
,,,-04.916000000000,   0.03600,
,,,-04.912000000000,   0.03400,
,,,-04.908000000000,   0.03200,
,,,-04.904000000000,   0.03400,
,,,-04.900000000000,   0.03400,
,,,-04.896000000000,   0.03400,
,,,-04.892000000000,   0.03600,
,,,-04.888000000000,   0.03200,
,,,-04.884000000000,   0.03400,
,,,-04.880000000000,   0.03200,
,,,-04.876000000000,   0.03200,
,,,-04.872000000000,   0.03200,
,,,-04.868000000000,   0.03200,
,,,-04.864000000000,   0.03600,
,,,-04.860000000000,   0.03400,
,,,-04.856000000000,   0.03400,
,,,-04.852000000000,   0.03200,
,,,-04.848000000000,   0.03200,
,,,-04.844000000000,   0.03200,
,,,-04.840000000000,   0.03200,
,,,-04.836000000000,   0.03200,
,,,-04.832000000000,   0.03400,
,,,-04.828000000000,   0.03000,
,,,-04.824000000000,   0.03200,
,,,-04.820000000000,   0.03000,
,,,-04.816000000000,   0.03000,
,,,-04.812000000000,   0.03200,
,,,-04.808000000000,   0.03400,
,,,-04.804000000000,   0.03200,
,,,-04.800000000000,   0.03200,
,,,-04.796000000000,   0.03200,
,,,-04.792000000000,   0.03000,
,,,-04.788000000000,   0.03200,
,,,-04.784000000000,   0.03800,
,,,-04.780000000000,   0.03000,
,,,-04.776000000000,   0.03200,
,,,-04.772000000000,   0.03200,
,,,-04.768000000000,   0.03200,
,,,-04.764000000000,   0.03000,
,,,-04.760000000000,   0.03200,
,,,-04.756000000000,   0.03000,
,,,-04.752000000000,   0.03000,
,,,-04.748000000000,   0.03000,
,,,-04.744000000000,   0.03000,
,,,-04.740000000000,   0.03000,
,,,-04.736000000000,   0.03000,
,,,-04.732000000000,   0.03000,
,,,-04.728000000000,   0.03000,
,,,-04.724000000000,   0.03000,
,,,-04.720000000000,   0.03000,
,,,-04.716000000000,   0.03000,
,,,-04.712000000000,   0.03000,
,,,-04.708000000000,   0.03200,
,,,-04.704000000000,   0.03000,
,,,-04.700000000000,   0.03000,
,,,-04.696000000000,   0.03000,
,,,-04.692000000000,   0.03000,
,,,-04.688000000000,   0.03000,
,,,-04.684000000000,   0.03000,
,,,-04.680000000000,   0.03000,
,,,-04.676000000000,   0.03000,
,,,-04.672000000000,   0.03000,
,,,-04.668000000000,   0.02800,
,,,-04.664000000000,   0.03000,
,,,-04.660000000000,   0.02800,
,,,-04.656000000000,   0.02800,
,,,-04.652000000000,   0.02800,
,,,-04.648000000000,   0.03000,
,,,-04.644000000000,   0.02800,
,,,-04.640000000000,   0.03000,
,,,-04.636000000000,   0.03000,
,,,-04.632000000000,   0.02800,
,,,-04.628000000000,   0.02800,
,,,-04.624000000000,   0.02800,
,,,-04.620000000000,   0.02800,
,,,-04.616000000000,   0.02800,
,,,-04.612000000000,   0.02800,
,,,-04.608000000000,   0.03000,
,,,-04.604000000000,   0.02800,
,,,-04.600000000000,   0.02800,
,,,-04.596000000000,   0.02800,
,,,-04.592000000000,   0.03000,
,,,-04.588000000000,   0.03000,
,,,-04.584000000000,   0.02800,
,,,-04.580000000000,   0.02800,
,,,-04.576000000000,   0.02600,
,,,-04.572000000000,   0.02600,
,,,-04.568000000000,   0.02800,
,,,-04.564000000000,   0.02600,
,,,-04.560000000000,   0.02600,
,,,-04.556000000000,   0.02600,
,,,-04.552000000000,   0.02600,
,,,-04.548000000000,   0.02800,
,,,-04.544000000000,   0.02800,
,,,-04.540000000000,   0.02600,
,,,-04.536000000000,   0.02600,
,,,-04.532000000000,   0.02600,
,,,-04.528000000000,   0.02600,
,,,-04.524000000000,   0.02600,
,,,-04.520000000000,   0.02800,
,,,-04.516000000000,   0.02600,
,,,-04.512000000000,   0.02400,
,,,-04.508000000000,   0.02600,
,,,-04.504000000000,   0.02600,
,,,-04.500000000000,   0.02600,
,,,-04.496000000000,   0.02600,
,,,-04.492000000000,   0.02600,
,,,-04.488000000000,   0.02800,
,,,-04.484000000000,   0.02400,
,,,-04.480000000000,   0.02600,
,,,-04.476000000000,   0.02600,
,,,-04.472000000000,   0.02600,
,,,-04.468000000000,   0.02600,
,,,-04.464000000000,   0.02600,
,,,-04.460000000000,   0.02600,
,,,-04.456000000000,   0.02600,
,,,-04.452000000000,   0.02400,
,,,-04.448000000000,   0.02600,
,,,-04.444000000000,   0.02400,
,,,-04.440000000000,   0.02400,
,,,-04.436000000000,   0.02600,
,,,-04.432000000000,   0.02400,
,,,-04.428000000000,   0.02800,
,,,-04.424000000000,   0.02600,
,,,-04.420000000000,   0.02400,
,,,-04.416000000000,   0.02600,
,,,-04.412000000000,   0.02400,
,,,-04.408000000000,   0.02400,
,,,-04.404000000000,   0.02600,
,,,-04.400000000000,   0.02400,
,,,-04.396000000000,   0.02600,
,,,-04.392000000000,   0.02600,
,,,-04.388000000000,   0.02600,
,,,-04.384000000000,   0.02600,
,,,-04.380000000000,   0.02600,
,,,-04.376000000000,   0.02400,
,,,-04.372000000000,   0.02400,
,,,-04.368000000000,   0.02400,
,,,-04.364000000000,   0.02400,
,,,-04.360000000000,   0.02600,
,,,-04.356000000000,   0.02400,
,,,-04.352000000000,   0.02400,
,,,-04.348000000000,   0.02600,
,,,-04.344000000000,   0.02200,
,,,-04.340000000000,   0.02600,
,,,-04.336000000000,   0.02400,
,,,-04.332000000000,   0.02400,
,,,-04.328000000000,   0.02400,
,,,-04.324000000000,   0.02400,
,,,-04.320000000000,   0.02200,
,,,-04.316000000000,   0.02400,
,,,-04.312000000000,   0.02400,
,,,-04.308000000000,   0.02200,
,,,-04.304000000000,   0.02200,
,,,-04.300000000000,   0.02200,
,,,-04.296000000000,   0.02400,
,,,-04.292000000000,   0.02200,
,,,-04.288000000000,   0.02200,
,,,-04.284000000000,   0.02200,
,,,-04.280000000000,   0.02200,
,,,-04.276000000000,   0.02400,
,,,-04.272000000000,   0.02200,
,,,-04.268000000000,   0.02200,
,,,-04.264000000000,   0.02200,
,,,-04.260000000000,   0.02400,
,,,-04.256000000000,   0.02200,
,,,-04.252000000000,   0.02400,
,,,-04.248000000000,   0.02200,
,,,-04.244000000000,   0.02000,
,,,-04.240000000000,   0.02200,
,,,-04.236000000000,   0.02200,
,,,-04.232000000000,   0.02200,
,,,-04.228000000000,   0.02200,
,,,-04.224000000000,   0.02200,
,,,-04.220000000000,   0.02400,
,,,-04.216000000000,   0.02000,
,,,-04.212000000000,   0.02200,
,,,-04.208000000000,   0.02200,
,,,-04.204000000000,   0.02400,
,,,-04.200000000000,   0.02200,
,,,-04.196000000000,   0.02200,
,,,-04.192000000000,   0.02400,
,,,-04.188000000000,   0.02200,
,,,-04.184000000000,   0.02200,
,,,-04.180000000000,   0.02200,
,,,-04.176000000000,   0.02400,
,,,-04.172000000000,   0.02200,
,,,-04.168000000000,   0.01800,
,,,-04.164000000000,   0.02400,
,,,-04.160000000000,   0.02000,
,,,-04.156000000000,   0.02200,
,,,-04.152000000000,   0.02200,
,,,-04.148000000000,   0.02000,
,,,-04.144000000000,   0.02200,
,,,-04.140000000000,   0.02000,
,,,-04.136000000000,   0.02200,
,,,-04.132000000000,   0.02000,
,,,-04.128000000000,   0.02000,
,,,-04.124000000000,   0.02000,
,,,-04.120000000000,   0.02000,
,,,-04.116000000000,   0.02200,
,,,-04.112000000000,   0.02400,
,,,-04.108000000000,   0.02000,
,,,-04.104000000000,   0.02000,
,,,-04.100000000000,   0.02000,
,,,-04.096000000000,   0.02000,
,,,-04.092000000000,   0.02000,
,,,-04.088000000000,   0.01800,
,,,-04.084000000000,   0.02400,
,,,-04.080000000000,   0.02000,
,,,-04.076000000000,   0.01800,
,,,-04.072000000000,   0.02000,
,,,-04.068000000000,   0.02000,
,,,-04.064000000000,   0.02000,
,,,-04.060000000000,   0.02200,
,,,-04.056000000000,   0.02000,
,,,-04.052000000000,   0.02000,
,,,-04.048000000000,   0.02000,
,,,-04.044000000000,   0.02000,
,,,-04.040000000000,   0.02000,
,,,-04.036000000000,   0.01800,
,,,-04.032000000000,   0.02000,
,,,-04.028000000000,   0.01600,
,,,-04.024000000000,   0.02000,
,,,-04.020000000000,   0.02000,
,,,-04.016000000000,   0.01800,
,,,-04.012000000000,   0.02000,
,,,-04.008000000000,   0.01800,
,,,-04.004000000000,   0.01800,
,,,-04.000000000000,   0.01600,
,,,-03.996000000000,   0.02000,
,,,-03.992000000000,   0.02000,
,,,-03.988000000000,   0.02000,
,,,-03.984000000000,   0.02000,
,,,-03.980000000000,   0.01800,
,,,-03.976000000000,   0.02000,
,,,-03.972000000000,   0.02000,
,,,-03.968000000000,   0.02000,
,,,-03.964000000000,   0.02000,
,,,-03.960000000000,   0.01800,
,,,-03.956000000000,   0.02000,
,,,-03.952000000000,   0.02000,
,,,-03.948000000000,   0.02000,
,,,-03.944000000000,   0.02000,
,,,-03.940000000000,   0.02000,
,,,-03.936000000000,   0.01600,
,,,-03.932000000000,   0.01800,
,,,-03.928000000000,   0.01800,
,,,-03.924000000000,   0.02000,
,,,-03.920000000000,   0.01800,
,,,-03.916000000000,   0.01600,
,,,-03.912000000000,   0.01800,
,,,-03.908000000000,   0.01800,
,,,-03.904000000000,   0.02000,
,,,-03.900000000000,   0.01800,
,,,-03.896000000000,   0.01800,
,,,-03.892000000000,   0.01800,
,,,-03.888000000000,   0.01800,
,,,-03.884000000000,   0.01600,
,,,-03.880000000000,   0.02000,
,,,-03.876000000000,   0.01600,
,,,-03.872000000000,   0.01600,
,,,-03.868000000000,   0.01800,
,,,-03.864000000000,   0.01800,
,,,-03.860000000000,   0.01600,
,,,-03.856000000000,   0.01800,
,,,-03.852000000000,   0.01800,
,,,-03.848000000000,   0.01600,
,,,-03.844000000000,   0.01800,
,,,-03.840000000000,   0.01800,
,,,-03.836000000000,   0.01800,
,,,-03.832000000000,   0.01600,
,,,-03.828000000000,   0.01600,
,,,-03.824000000000,   0.01800,
,,,-03.820000000000,   0.01800,
,,,-03.816000000000,   0.01600,
,,,-03.812000000000,   0.01600,
,,,-03.808000000000,   0.01800,
,,,-03.804000000000,   0.01800,
,,,-03.800000000000,   0.02000,
,,,-03.796000000000,   0.01800,
,,,-03.792000000000,   0.01800,
,,,-03.788000000000,   0.01800,
,,,-03.784000000000,   0.01800,
,,,-03.780000000000,   0.01800,
,,,-03.776000000000,   0.01800,
,,,-03.772000000000,   0.01600,
,,,-03.768000000000,   0.01800,
,,,-03.764000000000,   0.01600,
,,,-03.760000000000,   0.01600,
,,,-03.756000000000,   0.01600,
,,,-03.752000000000,   0.01600,
,,,-03.748000000000,   0.01800,
,,,-03.744000000000,   0.01600,
,,,-03.740000000000,   0.01800,
,,,-03.736000000000,   0.01600,
,,,-03.732000000000,   0.01800,
,,,-03.728000000000,   0.01600,
,,,-03.724000000000,   0.01600,
,,,-03.720000000000,   0.01600,
,,,-03.716000000000,   0.01800,
,,,-03.712000000000,   0.01600,
,,,-03.708000000000,   0.01800,
,,,-03.704000000000,   0.01600,
,,,-03.700000000000,   0.01600,
,,,-03.696000000000,   0.01800,
,,,-03.692000000000,   0.01600,
,,,-03.688000000000,   0.01600,
,,,-03.684000000000,   0.01400,
,,,-03.680000000000,   0.01800,
,,,-03.676000000000,   0.02000,
,,,-03.672000000000,   0.01400,
,,,-03.668000000000,   0.01600,
,,,-03.664000000000,   0.01600,
,,,-03.660000000000,   0.01600,
,,,-03.656000000000,   0.01600,
,,,-03.652000000000,   0.01600,
,,,-03.648000000000,   0.01600,
,,,-03.644000000000,   0.01600,
,,,-03.640000000000,   0.01800,
,,,-03.636000000000,   0.01600,
,,,-03.632000000000,   0.01600,
,,,-03.628000000000,   0.01400,
,,,-03.624000000000,   0.01400,
,,,-03.620000000000,   0.01400,
,,,-03.616000000000,   0.01400,
,,,-03.612000000000,   0.01600,
,,,-03.608000000000,   0.01600,
,,,-03.604000000000,   0.01600,
,,,-03.600000000000,   0.01600,
,,,-03.596000000000,   0.01800,
,,,-03.592000000000,   0.01400,
,,,-03.588000000000,   0.01600,
,,,-03.584000000000,   0.01400,
,,,-03.580000000000,   0.01600,
,,,-03.576000000000,   0.01600,
,,,-03.572000000000,   0.01400,
,,,-03.568000000000,   0.01800,
,,,-03.564000000000,   0.02000,
,,,-03.560000000000,   0.01400,
,,,-03.556000000000,   0.01600,
,,,-03.552000000000,   0.01200,
,,,-03.548000000000,   0.01400,
,,,-03.544000000000,   0.01600,
,,,-03.540000000000,   0.01600,
,,,-03.536000000000,   0.01400,
,,,-03.532000000000,   0.01400,
,,,-03.528000000000,   0.01600,
,,,-03.524000000000,   0.01600,
,,,-03.520000000000,   0.01600,
,,,-03.516000000000,   0.01600,
,,,-03.512000000000,   0.01600,
,,,-03.508000000000,   0.01800,
,,,-03.504000000000,   0.01600,
,,,-03.500000000000,   0.01600,
,,,-03.496000000000,   0.01600,
,,,-03.492000000000,   0.01600,
,,,-03.488000000000,   0.01600,
,,,-03.484000000000,   0.01600,
,,,-03.480000000000,   0.01600,
,,,-03.476000000000,   0.01400,
,,,-03.472000000000,   0.01400,
,,,-03.468000000000,   0.01400,
,,,-03.464000000000,   0.01600,
,,,-03.460000000000,   0.01600,
,,,-03.456000000000,   0.01400,
,,,-03.452000000000,   0.01600,
,,,-03.448000000000,   0.01400,
,,,-03.444000000000,   0.01400,
,,,-03.440000000000,   0.01200,
,,,-03.436000000000,   0.01400,
,,,-03.432000000000,   0.01400,
,,,-03.428000000000,   0.01400,
,,,-03.424000000000,   0.01400,
,,,-03.420000000000,   0.01800,
,,,-03.416000000000,   0.01600,
,,,-03.412000000000,   0.01400,
,,,-03.408000000000,   0.01400,
,,,-03.404000000000,   0.01600,
,,,-03.400000000000,   0.01400,
,,,-03.396000000000,   0.01400,
,,,-03.392000000000,   0.01200,
,,,-03.388000000000,   0.01400,
,,,-03.384000000000,   0.01400,
,,,-03.380000000000,   0.01400,
,,,-03.376000000000,   0.01400,
,,,-03.372000000000,   0.01600,
,,,-03.368000000000,   0.01400,
,,,-03.364000000000,   0.01400,
,,,-03.360000000000,   0.01200,
,,,-03.356000000000,   0.01400,
,,,-03.352000000000,   0.01400,
,,,-03.348000000000,   0.01400,
,,,-03.344000000000,   0.01200,
,,,-03.340000000000,   0.01200,
,,,-03.336000000000,   0.01600,
,,,-03.332000000000,   0.01600,
,,,-03.328000000000,   0.01400,
,,,-03.324000000000,   0.01600,
,,,-03.320000000000,   0.01400,
,,,-03.316000000000,   0.01400,
,,,-03.312000000000,   0.01200,
,,,-03.308000000000,   0.01400,
,,,-03.304000000000,   0.01200,
,,,-03.300000000000,   0.01200,
,,,-03.296000000000,   0.01400,
,,,-03.292000000000,   0.01400,
,,,-03.288000000000,   0.01200,
,,,-03.284000000000,   0.01400,
,,,-03.280000000000,   0.01400,
,,,-03.276000000000,   0.01000,
,,,-03.272000000000,   0.01200,
,,,-03.268000000000,   0.01400,
,,,-03.264000000000,   0.01400,
,,,-03.260000000000,   0.01400,
,,,-03.256000000000,   0.01400,
,,,-03.252000000000,   0.01400,
,,,-03.248000000000,   0.01200,
,,,-03.244000000000,   0.01200,
,,,-03.240000000000,   0.01200,
,,,-03.236000000000,   0.01400,
,,,-03.232000000000,   0.01000,
,,,-03.228000000000,   0.01200,
,,,-03.224000000000,   0.01200,
,,,-03.220000000000,   0.01400,
,,,-03.216000000000,   0.01200,
,,,-03.212000000000,   0.01200,
,,,-03.208000000000,   0.01200,
,,,-03.204000000000,   0.01200,
,,,-03.200000000000,   0.01200,
,,,-03.196000000000,   0.01200,
,,,-03.192000000000,   0.01400,
,,,-03.188000000000,   0.01000,
,,,-03.184000000000,   0.01200,
,,,-03.180000000000,   0.01200,
,,,-03.176000000000,   0.01400,
,,,-03.172000000000,   0.01600,
,,,-03.168000000000,   0.01400,
,,,-03.164000000000,   0.01600,
,,,-03.160000000000,   0.01200,
,,,-03.156000000000,   0.01200,
,,,-03.152000000000,   0.01200,
,,,-03.148000000000,   0.01200,
,,,-03.144000000000,   0.01000,
,,,-03.140000000000,   0.01400,
,,,-03.136000000000,   0.01200,
,,,-03.132000000000,   0.01400,
,,,-03.128000000000,   0.01000,
,,,-03.124000000000,   0.01400,
,,,-03.120000000000,   0.01200,
,,,-03.116000000000,   0.01200,
,,,-03.112000000000,   0.01000,
,,,-03.108000000000,   0.01200,
,,,-03.104000000000,   0.01400,
,,,-03.100000000000,   0.01000,
,,,-03.096000000000,   0.01000,
,,,-03.092000000000,   0.01200,
,,,-03.088000000000,   0.01400,
,,,-03.084000000000,   0.01400,
,,,-03.080000000000,   0.01200,
,,,-03.076000000000,   0.01000,
,,,-03.072000000000,   0.01200,
,,,-03.068000000000,   0.01400,
,,,-03.064000000000,   0.01000,
,,,-03.060000000000,   0.01200,
,,,-03.056000000000,   0.01200,
,,,-03.052000000000,   0.01000,
,,,-03.048000000000,   0.01000,
,,,-03.044000000000,   0.01200,
,,,-03.040000000000,   0.01400,
,,,-03.036000000000,   0.01200,
,,,-03.032000000000,   0.01200,
,,,-03.028000000000,   0.01200,
,,,-03.024000000000,   0.01200,
,,,-03.020000000000,   0.01200,
,,,-03.016000000000,   0.01200,
,,,-03.012000000000,   0.01200,
,,,-03.008000000000,   0.01200,
,,,-03.004000000000,   0.01200,
,,,-03.000000000000,   0.01200,
,,,-02.996000000000,   0.01200,
,,,-02.992000000000,   0.02000,
,,,-02.988000000000,   0.01200,
,,,-02.984000000000,   0.01200,
,,,-02.980000000000,   0.01000,
,,,-02.976000000000,   0.01200,
,,,-02.972000000000,   0.01200,
,,,-02.968000000000,   0.01200,
,,,-02.964000000000,   0.01200,
,,,-02.960000000000,   0.01200,
,,,-02.956000000000,   0.01200,
,,,-02.952000000000,   0.01200,
,,,-02.948000000000,   0.01000,
,,,-02.944000000000,   0.01400,
,,,-02.940000000000,   0.01200,
,,,-02.936000000000,   0.01000,
,,,-02.932000000000,   0.01000,
,,,-02.928000000000,   0.01200,
,,,-02.924000000000,   0.01200,
,,,-02.920000000000,   0.01000,
,,,-02.916000000000,   0.01000,
,,,-02.912000000000,   0.01200,
,,,-02.908000000000,   0.01200,
,,,-02.904000000000,   0.01000,
,,,-02.900000000000,   0.01200,
,,,-02.896000000000,   0.01000,
,,,-02.892000000000,   0.01200,
,,,-02.888000000000,   0.01200,
,,,-02.884000000000,   0.01200,
,,,-02.880000000000,   0.01000,
,,,-02.876000000000,   0.01200,
,,,-02.872000000000,   0.01200,
,,,-02.868000000000,   0.01200,
,,,-02.864000000000,   0.01000,
,,,-02.860000000000,   0.01000,
,,,-02.856000000000,   0.01200,
,,,-02.852000000000,   0.01200,
,,,-02.848000000000,   0.01000,
,,,-02.844000000000,   0.01000,
,,,-02.840000000000,   0.01000,
,,,-02.836000000000,   0.01000,
,,,-02.832000000000,   0.01200,
,,,-02.828000000000,   0.01400,
,,,-02.824000000000,   0.01200,
,,,-02.820000000000,   0.01200,
,,,-02.816000000000,   0.01200,
,,,-02.812000000000,   0.01200,
,,,-02.808000000000,   0.01200,
,,,-02.804000000000,   0.01200,
,,,-02.800000000000,   0.01200,
,,,-02.796000000000,   0.01000,
,,,-02.792000000000,   0.01000,
,,,-02.788000000000,   0.01000,
,,,-02.784000000000,   0.01000,
,,,-02.780000000000,   0.01000,
,,,-02.776000000000,   0.01000,
,,,-02.772000000000,   0.01200,
,,,-02.768000000000,   0.01200,
,,,-02.764000000000,   0.01200,
,,,-02.760000000000,   0.01200,
,,,-02.756000000000,   0.01000,
,,,-02.752000000000,   0.01200,
,,,-02.748000000000,   0.01000,
,,,-02.744000000000,   0.01000,
,,,-02.740000000000,   0.01000,
,,,-02.736000000000,   0.01000,
,,,-02.732000000000,   0.01000,
,,,-02.728000000000,   0.01000,
,,,-02.724000000000,   0.01200,
,,,-02.720000000000,   0.01400,
,,,-02.716000000000,   0.01000,
,,,-02.712000000000,   0.01200,
,,,-02.708000000000,   0.01000,
,,,-02.704000000000,   0.01200,
,,,-02.700000000000,   0.01200,
,,,-02.696000000000,   0.01200,
,,,-02.692000000000,   0.01000,
,,,-02.688000000000,   0.01000,
,,,-02.684000000000,   0.01000,
,,,-02.680000000000,   0.01000,
,,,-02.676000000000,   0.01000,
,,,-02.672000000000,   0.01400,
,,,-02.668000000000,   0.01200,
,,,-02.664000000000,   0.01000,
,,,-02.660000000000,   0.01000,
,,,-02.656000000000,   0.01000,
,,,-02.652000000000,   0.01000,
,,,-02.648000000000,   0.01000,
,,,-02.644000000000,   0.01000,
,,,-02.640000000000,   0.01000,
,,,-02.636000000000,   0.01200,
,,,-02.632000000000,   0.01200,
,,,-02.628000000000,   0.01200,
,,,-02.624000000000,   0.01200,
,,,-02.620000000000,   0.01000,
,,,-02.616000000000,   0.01000,
,,,-02.612000000000,   0.01000,
,,,-02.608000000000,   0.01000,
,,,-02.604000000000,   0.01000,
,,,-02.600000000000,   0.01000,
,,,-02.596000000000,   0.01200,
,,,-02.592000000000,   0.00600,
,,,-02.588000000000,   0.01000,
,,,-02.584000000000,   0.01000,
,,,-02.580000000000,   0.01000,
,,,-02.576000000000,   0.01000,
,,,-02.572000000000,   0.01000,
,,,-02.568000000000,   0.01000,
,,,-02.564000000000,   0.01000,
,,,-02.560000000000,   0.01400,
,,,-02.556000000000,   0.01200,
,,,-02.552000000000,   0.01000,
,,,-02.548000000000,   0.01000,
,,,-02.544000000000,   0.01200,
,,,-02.540000000000,   0.01200,
,,,-02.536000000000,   0.01000,
,,,-02.532000000000,   0.01000,
,,,-02.528000000000,   0.01000,
,,,-02.524000000000,   0.01000,
,,,-02.520000000000,   0.01000,
,,,-02.516000000000,   0.01000,
,,,-02.512000000000,   0.01000,
,,,-02.508000000000,   0.01000,
,,,-02.504000000000,   0.01000,
,,,-02.500000000000,   0.01000,
,,,-02.496000000000,   0.01000,
,,,-02.492000000000,   0.01200,
,,,-02.488000000000,   0.01000,
,,,-02.484000000000,   0.01000,
,,,-02.480000000000,   0.01000,
,,,-02.476000000000,   0.01000,
,,,-02.472000000000,   0.01000,
,,,-02.468000000000,   0.01000,
,,,-02.464000000000,   0.01000,
,,,-02.460000000000,   0.00800,
,,,-02.456000000000,   0.01000,
,,,-02.452000000000,   0.01000,
,,,-02.448000000000,   0.01000,
,,,-02.444000000000,   0.01000,
,,,-02.440000000000,   0.01000,
,,,-02.436000000000,   0.01000,
,,,-02.432000000000,   0.01200,
,,,-02.428000000000,   0.01000,
,,,-02.424000000000,   0.01000,
,,,-02.420000000000,   0.01200,
,,,-02.416000000000,   0.01200,
,,,-02.412000000000,   0.01000,
,,,-02.408000000000,   0.01000,
,,,-02.404000000000,   0.01000,
,,,-02.400000000000,   0.01000,
,,,-02.396000000000,   0.01000,
,,,-02.392000000000,   0.01000,
,,,-02.388000000000,   0.01200,
,,,-02.384000000000,   0.01200,
,,,-02.380000000000,   0.01000,
,,,-02.376000000000,   0.01000,
,,,-02.372000000000,   0.01000,
,,,-02.368000000000,   0.01000,
,,,-02.364000000000,   0.01000,
,,,-02.360000000000,   0.01000,
,,,-02.356000000000,   0.01000,
,,,-02.352000000000,   0.01000,
,,,-02.348000000000,   0.01000,
,,,-02.344000000000,   0.01200,
,,,-02.340000000000,   0.01000,
,,,-02.336000000000,   0.01200,
,,,-02.332000000000,   0.00800,
,,,-02.328000000000,   0.01000,
,,,-02.324000000000,   0.01000,
,,,-02.320000000000,   0.01000,
,,,-02.316000000000,   0.01000,
,,,-02.312000000000,   0.01000,
,,,-02.308000000000,   0.01000,
,,,-02.304000000000,   0.01000,
,,,-02.300000000000,   0.01000,
,,,-02.296000000000,   0.01000,
,,,-02.292000000000,   0.01000,
,,,-02.288000000000,   0.01200,
,,,-02.284000000000,   0.01000,
,,,-02.280000000000,   0.00800,
,,,-02.276000000000,   0.01000,
,,,-02.272000000000,   0.01000,
,,,-02.268000000000,   0.01000,
,,,-02.264000000000,   0.01000,
,,,-02.260000000000,   0.01000,
,,,-02.256000000000,   0.01000,
,,,-02.252000000000,   0.01000,
,,,-02.248000000000,   0.01000,
,,,-02.244000000000,   0.01000,
,,,-02.240000000000,   0.01000,
,,,-02.236000000000,   0.01000,
,,,-02.232000000000,   0.01000,
,,,-02.228000000000,   0.01000,
,,,-02.224000000000,   0.01000,
,,,-02.220000000000,   0.01000,
,,,-02.216000000000,   0.01000,
,,,-02.212000000000,   0.01200,
,,,-02.208000000000,   0.01000,
,,,-02.204000000000,   0.01000,
,,,-02.200000000000,   0.01000,
,,,-02.196000000000,   0.01000,
,,,-02.192000000000,   0.01000,
,,,-02.188000000000,   0.01000,
,,,-02.184000000000,   0.01000,
,,,-02.180000000000,   0.01000,
,,,-02.176000000000,   0.01000,
,,,-02.172000000000,   0.01000,
,,,-02.168000000000,   0.01000,
,,,-02.164000000000,   0.01000,
,,,-02.160000000000,   0.01000,
,,,-02.156000000000,   0.01200,
,,,-02.152000000000,   0.01000,
,,,-02.148000000000,   0.01000,
,,,-02.144000000000,   0.01000,
,,,-02.140000000000,   0.01000,
,,,-02.136000000000,   0.01000,
,,,-02.132000000000,   0.01000,
,,,-02.128000000000,   0.01000,
,,,-02.124000000000,   0.01000,
,,,-02.120000000000,   0.01000,
,,,-02.116000000000,   0.00600,
,,,-02.112000000000,   0.01000,
,,,-02.108000000000,   0.01000,
,,,-02.104000000000,   0.01000,
,,,-02.100000000000,   0.01000,
,,,-02.096000000000,   0.01000,
,,,-02.092000000000,   0.01000,
,,,-02.088000000000,   0.01000,
,,,-02.084000000000,   0.01000,
,,,-02.080000000000,   0.01200,
,,,-02.076000000000,   0.01000,
,,,-02.072000000000,   0.01000,
,,,-02.068000000000,   0.01400,
,,,-02.064000000000,   0.01000,
,,,-02.060000000000,   0.01000,
,,,-02.056000000000,   0.00800,
,,,-02.052000000000,   0.01000,
,,,-02.048000000000,   0.01000,
,,,-02.044000000000,   0.01000,
,,,-02.040000000000,   0.01000,
,,,-02.036000000000,   0.01000,
,,,-02.032000000000,   0.01000,
,,,-02.028000000000,   0.01000,
,,,-02.024000000000,   0.01000,
,,,-02.020000000000,   0.01000,
,,,-02.016000000000,   0.01000,
,,,-02.012000000000,   0.01000,
,,,-02.008000000000,   0.00800,
,,,-02.004000000000,   0.01000,
,,,-02.000000000000,   0.01000,
,,,-01.996000000000,   0.00800,
,,,-01.992000000000,   0.01200,
,,,-01.988000000000,   0.01000,
,,,-01.984000000000,   0.01000,
,,,-01.980000000000,   0.01000,
,,,-01.976000000000,   0.01000,
,,,-01.972000000000,   0.01400,
,,,-01.968000000000,   0.01000,
,,,-01.964000000000,   0.01000,
,,,-01.960000000000,   0.01000,
,,,-01.956000000000,   0.01000,
,,,-01.952000000000,   0.01000,
,,,-01.948000000000,   0.01000,
,,,-01.944000000000,   0.01000,
,,,-01.940000000000,   0.01200,
,,,-01.936000000000,   0.01000,
,,,-01.932000000000,   0.01000,
,,,-01.928000000000,   0.01000,
,,,-01.924000000000,   0.01000,
,,,-01.920000000000,   0.01000,
,,,-01.916000000000,   0.01000,
,,,-01.912000000000,   0.01000,
,,,-01.908000000000,   0.01000,
,,,-01.904000000000,   0.01000,
,,,-01.900000000000,   0.00800,
,,,-01.896000000000,   0.01000,
,,,-01.892000000000,   0.00800,
,,,-01.888000000000,   0.01000,
,,,-01.884000000000,   0.01000,
,,,-01.880000000000,   0.00800,
,,,-01.876000000000,   0.01000,
,,,-01.872000000000,   0.01000,
,,,-01.868000000000,   0.01000,
,,,-01.864000000000,   0.01000,
,,,-01.860000000000,   0.01000,
,,,-01.856000000000,   0.00800,
,,,-01.852000000000,   0.01000,
,,,-01.848000000000,   0.01000,
,,,-01.844000000000,   0.01000,
,,,-01.840000000000,   0.01000,
,,,-01.836000000000,   0.01000,
,,,-01.832000000000,   0.01000,
,,,-01.828000000000,   0.00800,
,,,-01.824000000000,   0.01000,
,,,-01.820000000000,   0.01000,
,,,-01.816000000000,   0.01000,
,,,-01.812000000000,   0.01000,
,,,-01.808000000000,   0.01000,
,,,-01.804000000000,   0.01000,
,,,-01.800000000000,   0.01000,
,,,-01.796000000000,   0.01000,
,,,-01.792000000000,   0.01000,
,,,-01.788000000000,   0.01000,
,,,-01.784000000000,   0.00800,
,,,-01.780000000000,   0.00800,
,,,-01.776000000000,   0.01000,
,,,-01.772000000000,   0.01000,
,,,-01.768000000000,   0.01000,
,,,-01.764000000000,   0.01000,
,,,-01.760000000000,   0.01000,
,,,-01.756000000000,   0.01000,
,,,-01.752000000000,   0.01000,
,,,-01.748000000000,   0.00800,
,,,-01.744000000000,   0.01000,
,,,-01.740000000000,   0.01000,
,,,-01.736000000000,   0.01200,
,,,-01.732000000000,   0.01000,
,,,-01.728000000000,   0.01000,
,,,-01.724000000000,   0.01000,
,,,-01.720000000000,   0.01000,
,,,-01.716000000000,   0.01000,
,,,-01.712000000000,   0.01000,
,,,-01.708000000000,   0.01200,
,,,-01.704000000000,   0.00800,
,,,-01.700000000000,   0.01000,
,,,-01.696000000000,   0.01000,
,,,-01.692000000000,   0.01000,
,,,-01.688000000000,   0.00800,
,,,-01.684000000000,   0.00800,
,,,-01.680000000000,   0.01000,
,,,-01.676000000000,   0.01000,
,,,-01.672000000000,   0.01400,
,,,-01.668000000000,   0.00800,
,,,-01.664000000000,   0.00800,
,,,-01.660000000000,   0.01000,
,,,-01.656000000000,   0.01000,
,,,-01.652000000000,   0.01000,
,,,-01.648000000000,   0.01000,
,,,-01.644000000000,   0.01000,
,,,-01.640000000000,   0.01000,
,,,-01.636000000000,   0.01000,
,,,-01.632000000000,   0.00800,
,,,-01.628000000000,   0.01000,
,,,-01.624000000000,   0.01000,
,,,-01.620000000000,   0.01000,
,,,-01.616000000000,   0.01000,
,,,-01.612000000000,   0.01000,
,,,-01.608000000000,   0.01000,
,,,-01.604000000000,   0.01000,
,,,-01.600000000000,   0.00800,
,,,-01.596000000000,   0.01000,
,,,-01.592000000000,   0.00800,
,,,-01.588000000000,   0.01000,
,,,-01.584000000000,   0.01000,
,,,-01.580000000000,   0.01000,
,,,-01.576000000000,   0.01000,
,,,-01.572000000000,   0.01000,
,,,-01.568000000000,   0.01000,
,,,-01.564000000000,   0.01000,
,,,-01.560000000000,   0.01000,
,,,-01.556000000000,   0.01000,
,,,-01.552000000000,   0.01000,
,,,-01.548000000000,   0.01000,
,,,-01.544000000000,   0.00800,
,,,-01.540000000000,   0.01000,
,,,-01.536000000000,   0.00800,
,,,-01.532000000000,   0.01000,
,,,-01.528000000000,   0.01000,
,,,-01.524000000000,   0.01000,
,,,-01.520000000000,   0.01000,
,,,-01.516000000000,   0.00400,
,,,-01.512000000000,   0.00800,
,,,-01.508000000000,   0.01000,
,,,-01.504000000000,   0.00800,
,,,-01.500000000000,   0.01000,
,,,-01.496000000000,   0.01000,
,,,-01.492000000000,   0.01000,
,,,-01.488000000000,   0.01000,
,,,-01.484000000000,   0.01000,
,,,-01.480000000000,   0.01000,
,,,-01.476000000000,   0.01000,
,,,-01.472000000000,   0.01000,
,,,-01.468000000000,   0.00800,
,,,-01.464000000000,   0.01000,
,,,-01.460000000000,   0.01000,
,,,-01.456000000000,   0.01000,
,,,-01.452000000000,   0.01000,
,,,-01.448000000000,   0.01000,
,,,-01.444000000000,   0.01000,
,,,-01.440000000000,   0.01000,
,,,-01.436000000000,   0.00800,
,,,-01.432000000000,   0.01000,
,,,-01.428000000000,   0.01000,
,,,-01.424000000000,   0.01000,
,,,-01.420000000000,   0.00400,
,,,-01.416000000000,   0.01000,
,,,-01.412000000000,   0.00800,
,,,-01.408000000000,   0.01000,
,,,-01.404000000000,   0.01000,
,,,-01.400000000000,   0.01000,
,,,-01.396000000000,   0.01000,
,,,-01.392000000000,   0.01000,
,,,-01.388000000000,   0.01000,
,,,-01.384000000000,   0.01000,
,,,-01.380000000000,   0.01000,
,,,-01.376000000000,   0.00800,
,,,-01.372000000000,   0.01000,
,,,-01.368000000000,   0.01000,
,,,-01.364000000000,   0.01000,
,,,-01.360000000000,   0.01000,
,,,-01.356000000000,   0.01000,
,,,-01.352000000000,   0.01000,
,,,-01.348000000000,   0.00800,
,,,-01.344000000000,   0.01000,
,,,-01.340000000000,   0.00800,
,,,-01.336000000000,   0.01000,
,,,-01.332000000000,   0.00800,
,,,-01.328000000000,   0.01000,
,,,-01.324000000000,   0.01000,
,,,-01.320000000000,   0.01000,
,,,-01.316000000000,   0.01000,
,,,-01.312000000000,   0.01000,
,,,-01.308000000000,   0.01000,
,,,-01.304000000000,   0.01000,
,,,-01.300000000000,   0.01000,
,,,-01.296000000000,   0.01000,
,,,-01.292000000000,   0.01000,
,,,-01.288000000000,   0.01000,
,,,-01.284000000000,   0.00800,
,,,-01.280000000000,   0.00600,
,,,-01.276000000000,   0.01000,
,,,-01.272000000000,   0.01000,
,,,-01.268000000000,   0.01000,
,,,-01.264000000000,   0.01000,
,,,-01.260000000000,   0.00600,
,,,-01.256000000000,   0.01000,
,,,-01.252000000000,   0.01000,
,,,-01.248000000000,   0.00800,
,,,-01.244000000000,   0.00800,
,,,-01.240000000000,   0.01000,
,,,-01.236000000000,   0.01000,
,,,-01.232000000000,   0.01000,
,,,-01.228000000000,   0.00800,
,,,-01.224000000000,   0.01000,
,,,-01.220000000000,   0.01000,
,,,-01.216000000000,   0.01000,
,,,-01.212000000000,   0.01000,
,,,-01.208000000000,   0.01000,
,,,-01.204000000000,   0.00800,
,,,-01.200000000000,   0.01000,
,,,-01.196000000000,   0.01000,
,,,-01.192000000000,   0.01000,
,,,-01.188000000000,   0.01000,
,,,-01.184000000000,   0.01000,
,,,-01.180000000000,   0.00800,
,,,-01.176000000000,   0.00800,
,,,-01.172000000000,   0.01000,
,,,-01.168000000000,   0.00600,
,,,-01.164000000000,   0.01000,
,,,-01.160000000000,   0.01000,
,,,-01.156000000000,   0.01000,
,,,-01.152000000000,   0.01000,
,,,-01.148000000000,   0.01000,
,,,-01.144000000000,   0.01000,
,,,-01.140000000000,   0.01000,
,,,-01.136000000000,   0.01000,
,,,-01.132000000000,   0.01000,
,,,-01.128000000000,   0.01000,
,,,-01.124000000000,   0.01000,
,,,-01.120000000000,   0.01000,
,,,-01.116000000000,   0.00800,
,,,-01.112000000000,   0.00600,
,,,-01.108000000000,   0.00800,
,,,-01.104000000000,   0.01000,
,,,-01.100000000000,   0.01000,
,,,-01.096000000000,   0.01000,
,,,-01.092000000000,   0.00800,
,,,-01.088000000000,   0.01000,
,,,-01.084000000000,   0.00800,
,,,-01.080000000000,   0.00400,
,,,-01.076000000000,   0.01000,
,,,-01.072000000000,   0.01000,
,,,-01.068000000000,   0.01000,
,,,-01.064000000000,   0.00600,
,,,-01.060000000000,   0.01000,
,,,-01.056000000000,   0.01000,
,,,-01.052000000000,   0.00800,
,,,-01.048000000000,   0.01000,
,,,-01.044000000000,   0.01000,
,,,-01.040000000000,   0.00800,
,,,-01.036000000000,   0.01000,
,,,-01.032000000000,   0.01000,
,,,-01.028000000000,   0.01000,
,,,-01.024000000000,   0.01000,
,,,-01.020000000000,   0.01000,
,,,-01.016000000000,   0.01000,
,,,-01.012000000000,   0.00800,
,,,-01.008000000000,   0.01000,
,,,-01.004000000000,   0.01000,
,,,-01.000000000000,   0.00800,
,,,-00.996000000000,   0.00800,
,,,-00.992000000000,   0.00800,
,,,-00.988000000000,   0.00800,
,,,-00.984000000000,   0.00800,
,,,-00.980000000000,   0.01000,
,,,-00.976000000000,   0.01000,
,,,-00.972000000000,   0.01000,
,,,-00.968000000000,   0.00800,
,,,-00.964000000000,   0.01000,
,,,-00.960000000000,   0.01000,
,,,-00.956000000000,   0.01000,
,,,-00.952000000000,   0.00800,
,,,-00.948000000000,   0.00800,
,,,-00.944000000000,   0.00800,
,,,-00.940000000000,   0.01000,
,,,-00.936000000000,   0.01000,
,,,-00.932000000000,   0.01000,
,,,-00.928000000000,   0.01000,
,,,-00.924000000000,   0.00800,
,,,-00.920000000000,   0.01000,
,,,-00.916000000000,   0.01000,
,,,-00.912000000000,   0.01000,
,,,-00.908000000000,   0.00800,
,,,-00.904000000000,   0.01000,
,,,-00.900000000000,   0.01000,
,,,-00.896000000000,   0.00800,
,,,-00.892000000000,   0.01000,
,,,-00.888000000000,   0.01000,
,,,-00.884000000000,   0.01000,
,,,-00.880000000000,   0.01000,
,,,-00.876000000000,   0.01000,
,,,-00.872000000000,   0.00800,
,,,-00.868000000000,   0.01000,
,,,-00.864000000000,   0.01000,
,,,-00.860000000000,   0.00800,
,,,-00.856000000000,   0.01000,
,,,-00.852000000000,   0.00800,
,,,-00.848000000000,   0.01000,
,,,-00.844000000000,   0.00800,
,,,-00.840000000000,   0.01000,
,,,-00.836000000000,   0.01000,
,,,-00.832000000000,   0.00800,
,,,-00.828000000000,   0.01000,
,,,-00.824000000000,   0.01000,
,,,-00.820000000000,   0.00800,
,,,-00.816000000000,   0.01000,
,,,-00.812000000000,   0.01000,
,,,-00.808000000000,   0.01000,
,,,-00.804000000000,   0.01000,
,,,-00.800000000000,   0.00800,
,,,-00.796000000000,   0.01000,
,,,-00.792000000000,   0.01000,
,,,-00.788000000000,   0.01000,
,,,-00.784000000000,   0.00800,
,,,-00.780000000000,   0.01000,
,,,-00.776000000000,   0.01000,
,,,-00.772000000000,   0.00800,
,,,-00.768000000000,   0.01000,
,,,-00.764000000000,   0.00800,
,,,-00.760000000000,   0.00800,
,,,-00.756000000000,   0.01000,
,,,-00.752000000000,   0.01000,
,,,-00.748000000000,   0.01000,
,,,-00.744000000000,   0.00800,
,,,-00.740000000000,   0.00800,
,,,-00.736000000000,   0.00800,
,,,-00.732000000000,   0.01000,
,,,-00.728000000000,   0.01000,
,,,-00.724000000000,   0.00800,
,,,-00.720000000000,   0.01000,
,,,-00.716000000000,   0.00600,
,,,-00.712000000000,   0.00800,
,,,-00.708000000000,   0.00800,
,,,-00.704000000000,   0.00800,
,,,-00.700000000000,   0.00800,
,,,-00.696000000000,   0.01000,
,,,-00.692000000000,   0.01000,
,,,-00.688000000000,   0.01000,
,,,-00.684000000000,   0.01000,
,,,-00.680000000000,   0.00600,
,,,-00.676000000000,   0.00800,
,,,-00.672000000000,   0.01000,
,,,-00.668000000000,   0.01000,
,,,-00.664000000000,   0.00600,
,,,-00.660000000000,   0.01000,
,,,-00.656000000000,   0.00800,
,,,-00.652000000000,   0.01000,
,,,-00.648000000000,   0.00800,
,,,-00.644000000000,   0.01000,
,,,-00.640000000000,   0.01000,
,,,-00.636000000000,   0.01000,
,,,-00.632000000000,   0.01000,
,,,-00.628000000000,   0.00800,
,,,-00.624000000000,   0.01000,
,,,-00.620000000000,   0.00600,
,,,-00.616000000000,   0.00800,
,,,-00.612000000000,   0.00800,
,,,-00.608000000000,   0.01000,
,,,-00.604000000000,   0.01000,
,,,-00.600000000000,   0.01000,
,,,-00.596000000000,   0.00800,
,,,-00.592000000000,   0.00800,
,,,-00.588000000000,   0.00800,
,,,-00.584000000000,   0.00800,
,,,-00.580000000000,   0.01000,
,,,-00.576000000000,   0.01000,
,,,-00.572000000000,   0.00800,
,,,-00.568000000000,   0.01000,
,,,-00.564000000000,   0.01000,
,,,-00.560000000000,   0.00800,
,,,-00.556000000000,   0.00800,
,,,-00.552000000000,   0.01000,
,,,-00.548000000000,   0.01000,
,,,-00.544000000000,   0.00800,
,,,-00.540000000000,   0.00800,
,,,-00.536000000000,   0.00800,
,,,-00.532000000000,   0.00800,
,,,-00.528000000000,   0.00800,
,,,-00.524000000000,   0.01000,
,,,-00.520000000000,   0.01000,
,,,-00.516000000000,   0.00600,
,,,-00.512000000000,   0.01000,
,,,-00.508000000000,   0.01200,
,,,-00.504000000000,   0.01000,
,,,-00.500000000000,   0.00600,
,,,-00.496000000000,   0.01000,
,,,-00.492000000000,   0.01000,
,,,-00.488000000000,   0.00800,
,,,-00.484000000000,   0.01000,
,,,-00.480000000000,   0.00800,
,,,-00.476000000000,   0.00800,
,,,-00.472000000000,   0.01000,
,,,-00.468000000000,   0.00800,
,,,-00.464000000000,   0.00800,
,,,-00.460000000000,   0.00800,
,,,-00.456000000000,   0.00600,
,,,-00.452000000000,   0.00800,
,,,-00.448000000000,   0.00800,
,,,-00.444000000000,   0.01000,
,,,-00.440000000000,   0.00800,
,,,-00.436000000000,   0.01000,
,,,-00.432000000000,   0.01000,
,,,-00.428000000000,   0.01000,
,,,-00.424000000000,   0.01000,
,,,-00.420000000000,   0.00800,
,,,-00.416000000000,   0.01000,
,,,-00.412000000000,   0.00800,
,,,-00.408000000000,   0.00800,
,,,-00.404000000000,   0.01000,
,,,-00.400000000000,   0.01000,
,,,-00.396000000000,   0.00800,
,,,-00.392000000000,   0.00800,
,,,-00.388000000000,   0.00800,
,,,-00.384000000000,   0.01200,
,,,-00.380000000000,   0.00400,
,,,-00.376000000000,   0.00800,
,,,-00.372000000000,   0.00800,
,,,-00.368000000000,   0.01000,
,,,-00.364000000000,   0.00800,
,,,-00.360000000000,   0.01000,
,,,-00.356000000000,   0.00800,
,,,-00.352000000000,   0.00800,
,,,-00.348000000000,   0.01000,
,,,-00.344000000000,   0.00800,
,,,-00.340000000000,   0.01000,
,,,-00.336000000000,   0.01000,
,,,-00.332000000000,   0.01000,
,,,-00.328000000000,   0.01000,
,,,-00.324000000000,   0.01000,
,,,-00.320000000000,   0.00800,
,,,-00.316000000000,   0.00800,
,,,-00.312000000000,   0.00800,
,,,-00.308000000000,   0.00800,
,,,-00.304000000000,   0.01000,
,,,-00.300000000000,   0.00800,
,,,-00.296000000000,   0.00800,
,,,-00.292000000000,   0.00800,
,,,-00.288000000000,   0.01000,
,,,-00.284000000000,   0.01000,
,,,-00.280000000000,   0.01000,
,,,-00.276000000000,   0.00800,
,,,-00.272000000000,   0.00800,
,,,-00.268000000000,   0.00800,
,,,-00.264000000000,   0.00800,
,,,-00.260000000000,   0.01000,
,,,-00.256000000000,   0.00800,
,,,-00.252000000000,   0.00800,
,,,-00.248000000000,   0.00800,
,,,-00.244000000000,   0.01000,
,,,-00.240000000000,   0.01000,
,,,-00.236000000000,   0.01000,
,,,-00.232000000000,   0.00800,
,,,-00.228000000000,   0.01000,
,,,-00.224000000000,   0.01000,
,,,-00.220000000000,   0.01000,
,,,-00.216000000000,   0.00800,
,,,-00.212000000000,   0.01000,
,,,-00.208000000000,   0.00800,
,,,-00.204000000000,   0.01000,
,,,-00.200000000000,   0.00800,
,,,-00.196000000000,   0.00800,
,,,-00.192000000000,   0.01000,
,,,-00.188000000000,   0.01000,
,,,-00.184000000000,   0.01000,
,,,-00.180000000000,   0.00800,
,,,-00.176000000000,   0.00800,
,,,-00.172000000000,   0.01000,
,,,-00.168000000000,   0.01000,
,,,-00.164000000000,   0.00800,
,,,-00.160000000000,   0.01000,
,,,-00.156000000000,   0.00800,
,,,-00.152000000000,   0.00800,
,,,-00.148000000000,   0.01000,
,,,-00.144000000000,   0.01000,
,,,-00.140000000000,   0.00600,
,,,-00.136000000000,   0.01000,
,,,-00.132000000000,   0.01000,
,,,-00.128000000000,   0.00800,
,,,-00.124000000000,   0.01000,
,,,-00.120000000000,   0.00800,
,,,-00.116000000000,   0.00800,
,,,-00.112000000000,   0.01000,
,,,-00.108000000000,   0.01000,
,,,-00.104000000000,   0.01000,
,,,-00.100000000000,   0.01000,
,,,-00.096000000000,   0.01000,
,,,-00.092000000000,   0.01200,
,,,-00.088000000000,   0.01600,
,,,-00.084000000000,   0.02000,
,,,-00.080000000000,   0.02400,
,,,-00.076000000000,   0.03000,
,,,-00.072000000000,   0.03200,
,,,-00.068000000000,   0.03800,
,,,-00.064000000000,   0.04000,
,,,-00.060000000000,   0.04600,
,,,-00.056000000000,   0.04800,
,,,-00.052000000000,   0.05200,
,,,-00.048000000000,   0.05600,
,,,-00.044000000000,   0.06000,
,,,-00.040000000000,   0.06200,
,,,-00.036000000000,   0.06600,
,,,-00.032000000000,   0.07000,
,,,-00.028000000000,   0.05800,
,,,-00.024000000000,   0.07800,
,,,-00.020000000000,   0.08000,
,,,-00.016000000000,   0.08400,
,,,-00.012000000000,   0.08600,
,,,-00.008000000000,   0.09000,
,,,-00.004000000000,   0.09400,
,,,-00.000000000000,   0.09800,
,,,00.004000000000,   0.10000,
,,,00.008000000000,   0.09800,
,,,00.012000000000,   0.09600,
,,,00.016000000000,   0.09800,
,,,00.020000000000,   0.09400,
,,,00.024000000000,   0.09800,
,,,00.028000000000,   0.09400,
,,,00.032000000000,   0.09400,
,,,00.036000000000,   0.09400,
,,,00.040000000000,   0.09200,
,,,00.044000000000,   0.09200,
,,,00.048000000000,   0.09200,
,,,00.052000000000,   0.09200,
,,,00.056000000000,   0.09000,
,,,00.060000000000,   0.09000,
,,,00.064000000000,   0.09400,
,,,00.068000000000,   0.09000,
,,,00.072000000000,   0.09000,
,,,00.076000000000,   0.08800,
,,,00.080000000000,   0.09000,
,,,00.084000000000,   0.08800,
,,,00.088000000000,   0.08800,
,,,00.092000000000,   0.09000,
,,,00.096000000000,   0.08600,
,,,00.100000000000,   0.08600,
,,,00.104000000000,   0.08800,
,,,00.108000000000,   0.08400,
,,,00.112000000000,   0.08400,
,,,00.116000000000,   0.08600,
,,,00.120000000000,   0.08400,
,,,00.124000000000,   0.08600,
,,,00.128000000000,   0.08400,
,,,00.132000000000,   0.08400,
,,,00.136000000000,   0.08400,
,,,00.140000000000,   0.08400,
,,,00.144000000000,   0.08200,
,,,00.148000000000,   0.08400,
,,,00.152000000000,   0.08200,
,,,00.156000000000,   0.08200,
,,,00.160000000000,   0.08000,
,,,00.164000000000,   0.08000,
,,,00.168000000000,   0.08200,
,,,00.172000000000,   0.08200,
,,,00.176000000000,   0.08000,
,,,00.180000000000,   0.08000,
,,,00.184000000000,   0.08000,
,,,00.188000000000,   0.08000,
,,,00.192000000000,   0.08000,
,,,00.196000000000,   0.07800,
,,,00.200000000000,   0.07800,
,,,00.204000000000,   0.07800,
,,,00.208000000000,   0.07800,
,,,00.212000000000,   0.07600,
,,,00.216000000000,   0.07600,
,,,00.220000000000,   0.07800,
,,,00.224000000000,   0.07600,
,,,00.228000000000,   0.07600,
,,,00.232000000000,   0.07600,
,,,00.236000000000,   0.07400,
,,,00.240000000000,   0.07200,
,,,00.244000000000,   0.07400,
,,,00.248000000000,   0.07400,
,,,00.252000000000,   0.07600,
,,,00.256000000000,   0.07400,
,,,00.260000000000,   0.07200,
,,,00.264000000000,   0.07400,
,,,00.268000000000,   0.07600,
,,,00.272000000000,   0.07400,
,,,00.276000000000,   0.07400,
,,,00.280000000000,   0.07200,
,,,00.284000000000,   0.07200,
,,,00.288000000000,   0.07000,
,,,00.292000000000,   0.07400,
,,,00.296000000000,   0.07000,
,,,00.300000000000,   0.07000,
,,,00.304000000000,   0.07000,
,,,00.308000000000,   0.07000,
,,,00.312000000000,   0.07000,
,,,00.316000000000,   0.07000,
,,,00.320000000000,   0.07000,
,,,00.324000000000,   0.07000,
,,,00.328000000000,   0.07000,
,,,00.332000000000,   0.07000,
,,,00.336000000000,   0.07000,
,,,00.340000000000,   0.07000,
,,,00.344000000000,   0.06800,
,,,00.348000000000,   0.06800,
,,,00.352000000000,   0.07000,
,,,00.356000000000,   0.06800,
,,,00.360000000000,   0.06800,
,,,00.364000000000,   0.06800,
,,,00.368000000000,   0.06600,
,,,00.372000000000,   0.06800,
,,,00.376000000000,   0.06600,
,,,00.380000000000,   0.06600,
,,,00.384000000000,   0.06800,
,,,00.388000000000,   0.06800,
,,,00.392000000000,   0.06400,
,,,00.396000000000,   0.06600,
,,,00.400000000000,   0.06600,
,,,00.404000000000,   0.06600,
,,,00.408000000000,   0.06400,
,,,00.412000000000,   0.06600,
,,,00.416000000000,   0.06400,
,,,00.420000000000,   0.06400,
,,,00.424000000000,   0.06400,
,,,00.428000000000,   0.06200,
,,,00.432000000000,   0.06400,
,,,00.436000000000,   0.06200,
,,,00.440000000000,   0.06400,
,,,00.444000000000,   0.06400,
,,,00.448000000000,   0.06200,
,,,00.452000000000,   0.06600,
,,,00.456000000000,   0.06600,
,,,00.460000000000,   0.06200,
,,,00.464000000000,   0.06200,
,,,00.468000000000,   0.06000,
,,,00.472000000000,   0.06200,
,,,00.476000000000,   0.06000,
,,,00.480000000000,   0.06000,
,,,00.484000000000,   0.06200,
,,,00.488000000000,   0.05800,
,,,00.492000000000,   0.06000,
,,,00.496000000000,   0.06200,
,,,00.500000000000,   0.06000,
,,,00.504000000000,   0.06000,
,,,00.508000000000,   0.06000,
,,,00.512000000000,   0.06000,
,,,00.516000000000,   0.06000,
,,,00.520000000000,   0.05800,
,,,00.524000000000,   0.05800,
,,,00.528000000000,   0.05800,
,,,00.532000000000,   0.05800,
,,,00.536000000000,   0.06000,
,,,00.540000000000,   0.05800,
,,,00.544000000000,   0.06000,
,,,00.548000000000,   0.05800,
,,,00.552000000000,   0.05600,
,,,00.556000000000,   0.06000,
,,,00.560000000000,   0.06000,
,,,00.564000000000,   0.05800,
,,,00.568000000000,   0.05600,
,,,00.572000000000,   0.05800,
,,,00.576000000000,   0.05800,
,,,00.580000000000,   0.05600,
,,,00.584000000000,   0.05800,
,,,00.588000000000,   0.05400,
,,,00.592000000000,   0.05600,
,,,00.596000000000,   0.05600,
,,,00.600000000000,   0.05600,
,,,00.604000000000,   0.05400,
,,,00.608000000000,   0.05600,
,,,00.612000000000,   0.05400,
,,,00.616000000000,   0.05400,
,,,00.620000000000,   0.05400,
,,,00.624000000000,   0.05200,
,,,00.628000000000,   0.05000,
,,,00.632000000000,   0.05400,
,,,00.636000000000,   0.05600,
,,,00.640000000000,   0.05400,
,,,00.644000000000,   0.05200,
,,,00.648000000000,   0.05200,
,,,00.652000000000,   0.05400,
,,,00.656000000000,   0.05400,
,,,00.660000000000,   0.05200,
,,,00.664000000000,   0.05200,
,,,00.668000000000,   0.05400,
,,,00.672000000000,   0.05400,
,,,00.676000000000,   0.05200,
,,,00.680000000000,   0.05200,
,,,00.684000000000,   0.05200,
,,,00.688000000000,   0.05200,
,,,00.692000000000,   0.05200,
,,,00.696000000000,   0.05200,
,,,00.700000000000,   0.05000,
,,,00.704000000000,   0.05000,
,,,00.708000000000,   0.05000,
,,,00.712000000000,   0.05000,
,,,00.716000000000,   0.05200,
,,,00.720000000000,   0.05000,
,,,00.724000000000,   0.05000,
,,,00.728000000000,   0.05200,
,,,00.732000000000,   0.04800,
,,,00.736000000000,   0.05000,
,,,00.740000000000,   0.05000,
,,,00.744000000000,   0.04800,
,,,00.748000000000,   0.05000,
,,,00.752000000000,   0.05000,
,,,00.756000000000,   0.05000,
,,,00.760000000000,   0.05000,
,,,00.764000000000,   0.04800,
,,,00.768000000000,   0.05000,
,,,00.772000000000,   0.05000,
,,,00.776000000000,   0.04800,
,,,00.780000000000,   0.04800,
,,,00.784000000000,   0.04800,
,,,00.788000000000,   0.04600,
,,,00.792000000000,   0.04600,
,,,00.796000000000,   0.04800,
,,,00.800000000000,   0.05000,
,,,00.804000000000,   0.04800,
,,,00.808000000000,   0.04800,
,,,00.812000000000,   0.04800,
,,,00.816000000000,   0.04600,
,,,00.820000000000,   0.04600,
,,,00.824000000000,   0.04400,
,,,00.828000000000,   0.04600,
,,,00.832000000000,   0.04600,
,,,00.836000000000,   0.04600,
,,,00.840000000000,   0.04400,
,,,00.844000000000,   0.04600,
,,,00.848000000000,   0.04600,
,,,00.852000000000,   0.04400,
,,,00.856000000000,   0.04400,
,,,00.860000000000,   0.04400,
,,,00.864000000000,   0.04600,
,,,00.868000000000,   0.04400,
,,,00.872000000000,   0.04400,
,,,00.876000000000,   0.04400,
,,,00.880000000000,   0.04400,
,,,00.884000000000,   0.04400,
,,,00.888000000000,   0.04200,
,,,00.892000000000,   0.04400,
,,,00.896000000000,   0.04200,
,,,00.900000000000,   0.04400,
,,,00.904000000000,   0.04200,
,,,00.908000000000,   0.04400,
,,,00.912000000000,   0.04400,
,,,00.916000000000,   0.04200,
,,,00.920000000000,   0.04200,
,,,00.924000000000,   0.04000,
,,,00.928000000000,   0.04000,
,,,00.932000000000,   0.04200,
,,,00.936000000000,   0.04200,
,,,00.940000000000,   0.04200,
,,,00.944000000000,   0.04200,
,,,00.948000000000,   0.04000,
,,,00.952000000000,   0.04000,
,,,00.956000000000,   0.04200,
,,,00.960000000000,   0.04200,
,,,00.964000000000,   0.04000,
,,,00.968000000000,   0.04400,
,,,00.972000000000,   0.04200,
,,,00.976000000000,   0.04000,
,,,00.980000000000,   0.04000,
,,,00.984000000000,   0.04000,
,,,00.988000000000,   0.04000,
,,,00.992000000000,   0.04200,
,,,00.996000000000,   0.04200,
,,,01.000000000000,   0.04000,
,,,01.004000000000,   0.04000,
,,,01.008000000000,   0.04200,
,,,01.012000000000,   0.04000,
,,,01.016000000000,   0.04000,
,,,01.020000000000,   0.03800,
,,,01.024000000000,   0.04000,
,,,01.028000000000,   0.04000,
,,,01.032000000000,   0.03800,
,,,01.036000000000,   0.04000,
,,,01.040000000000,   0.03800,
,,,01.044000000000,   0.03800,
,,,01.048000000000,   0.04000,
,,,01.052000000000,   0.03800,
,,,01.056000000000,   0.03800,
,,,01.060000000000,   0.04000,
,,,01.064000000000,   0.04000,
,,,01.068000000000,   0.03800,
,,,01.072000000000,   0.03800,
,,,01.076000000000,   0.03800,
,,,01.080000000000,   0.03800,
,,,01.084000000000,   0.04000,
,,,01.088000000000,   0.03800,
,,,01.092000000000,   0.03800,
,,,01.096000000000,   0.03800,
,,,01.100000000000,   0.03600,
,,,01.104000000000,   0.03800,
,,,01.108000000000,   0.03400,
,,,01.112000000000,   0.04000,
,,,01.116000000000,   0.03600,
,,,01.120000000000,   0.03600,
,,,01.124000000000,   0.04000,
,,,01.128000000000,   0.03400,
,,,01.132000000000,   0.03800,
,,,01.136000000000,   0.03800,
,,,01.140000000000,   0.03400,
,,,01.144000000000,   0.03600,
,,,01.148000000000,   0.03600,
,,,01.152000000000,   0.03600,
,,,01.156000000000,   0.03600,
,,,01.160000000000,   0.03600,
,,,01.164000000000,   0.03600,
,,,01.168000000000,   0.03600,
,,,01.172000000000,   0.03600,
,,,01.176000000000,   0.03400,
,,,01.180000000000,   0.03600,
,,,01.184000000000,   0.03600,
,,,01.188000000000,   0.03400,
,,,01.192000000000,   0.03400,
,,,01.196000000000,   0.03600,
,,,01.200000000000,   0.03400,
,,,01.204000000000,   0.03400,
,,,01.208000000000,   0.03800,
,,,01.212000000000,   0.03400,
,,,01.216000000000,   0.03400,
,,,01.220000000000,   0.03400,
,,,01.224000000000,   0.03400,
,,,01.228000000000,   0.03400,
,,,01.232000000000,   0.03600,
,,,01.236000000000,   0.03400,
,,,01.240000000000,   0.03400,
,,,01.244000000000,   0.03200,
,,,01.248000000000,   0.03400,
,,,01.252000000000,   0.03200,
,,,01.256000000000,   0.03000,
,,,01.260000000000,   0.03400,
,,,01.264000000000,   0.03200,
,,,01.268000000000,   0.03200,
,,,01.272000000000,   0.03000,
,,,01.276000000000,   0.03200,
,,,01.280000000000,   0.03000,
,,,01.284000000000,   0.03200,
,,,01.288000000000,   0.03200,
,,,01.292000000000,   0.03200,
,,,01.296000000000,   0.03200,
,,,01.300000000000,   0.03000,
,,,01.304000000000,   0.03200,
,,,01.308000000000,   0.03200,
,,,01.312000000000,   0.03200,
,,,01.316000000000,   0.03400,
,,,01.320000000000,   0.03600,
,,,01.324000000000,   0.03000,
,,,01.328000000000,   0.03200,
,,,01.332000000000,   0.03000,
,,,01.336000000000,   0.03000,
,,,01.340000000000,   0.03200,
,,,01.344000000000,   0.03000,
,,,01.348000000000,   0.03000,
,,,01.352000000000,   0.03200,
,,,01.356000000000,   0.03000,
,,,01.360000000000,   0.03200,
,,,01.364000000000,   0.03000,
,,,01.368000000000,   0.03000,
,,,01.372000000000,   0.03200,
,,,01.376000000000,   0.03200,
,,,01.380000000000,   0.03000,
,,,01.384000000000,   0.03000,
,,,01.388000000000,   0.02800,
,,,01.392000000000,   0.03200,
,,,01.396000000000,   0.03200,
,,,01.400000000000,   0.03200,
,,,01.404000000000,   0.03000,
,,,01.408000000000,   0.03000,
,,,01.412000000000,   0.03000,
,,,01.416000000000,   0.03000,
,,,01.420000000000,   0.03000,
,,,01.424000000000,   0.03000,
,,,01.428000000000,   0.02800,
,,,01.432000000000,   0.03000,
,,,01.436000000000,   0.02800,
,,,01.440000000000,   0.03200,
,,,01.444000000000,   0.03000,
,,,01.448000000000,   0.03000,
,,,01.452000000000,   0.03000,
,,,01.456000000000,   0.02600,
,,,01.460000000000,   0.02800,
,,,01.464000000000,   0.02600,
,,,01.468000000000,   0.02800,
,,,01.472000000000,   0.02800,
,,,01.476000000000,   0.03000,
,,,01.480000000000,   0.02400,
,,,01.484000000000,   0.03000,
,,,01.488000000000,   0.03000,
,,,01.492000000000,   0.02800,
,,,01.496000000000,   0.02800,
,,,01.500000000000,   0.02600,
,,,01.504000000000,   0.03000,
,,,01.508000000000,   0.02800,
,,,01.512000000000,   0.03000,
,,,01.516000000000,   0.02600,
,,,01.520000000000,   0.03000,
,,,01.524000000000,   0.02600,
,,,01.528000000000,   0.02800,
,,,01.532000000000,   0.02800,
,,,01.536000000000,   0.02800,
,,,01.540000000000,   0.02600,
,,,01.544000000000,   0.02800,
,,,01.548000000000,   0.02800,
,,,01.552000000000,   0.02800,
,,,01.556000000000,   0.02800,
,,,01.560000000000,   0.02800,
,,,01.564000000000,   0.02800,
,,,01.568000000000,   0.02600,
,,,01.572000000000,   0.02400,
,,,01.576000000000,   0.02800,
,,,01.580000000000,   0.02400,
,,,01.584000000000,   0.02600,
,,,01.588000000000,   0.02800,
,,,01.592000000000,   0.02600,
,,,01.596000000000,   0.02600,
,,,01.600000000000,   0.02400,
,,,01.604000000000,   0.02600,
,,,01.608000000000,   0.02600,
,,,01.612000000000,   0.02600,
,,,01.616000000000,   0.02800,
,,,01.620000000000,   0.02600,
,,,01.624000000000,   0.02600,
,,,01.628000000000,   0.02600,
,,,01.632000000000,   0.02800,
,,,01.636000000000,   0.02400,
,,,01.640000000000,   0.02600,
,,,01.644000000000,   0.02600,
,,,01.648000000000,   0.02600,
,,,01.652000000000,   0.02600,
,,,01.656000000000,   0.02600,
,,,01.660000000000,   0.02600,
,,,01.664000000000,   0.02600,
,,,01.668000000000,   0.02600,
,,,01.672000000000,   0.02600,
,,,01.676000000000,   0.02400,
,,,01.680000000000,   0.02600,
,,,01.684000000000,   0.02200,
,,,01.688000000000,   0.02600,
,,,01.692000000000,   0.02400,
,,,01.696000000000,   0.02600,
,,,01.700000000000,   0.02400,
,,,01.704000000000,   0.02400,
,,,01.708000000000,   0.02400,
,,,01.712000000000,   0.02600,
,,,01.716000000000,   0.02200,
,,,01.720000000000,   0.02600,
,,,01.724000000000,   0.02400,
,,,01.728000000000,   0.02600,
,,,01.732000000000,   0.02400,
,,,01.736000000000,   0.02400,
,,,01.740000000000,   0.02400,
,,,01.744000000000,   0.02200,
,,,01.748000000000,   0.02400,
,,,01.752000000000,   0.02600,
,,,01.756000000000,   0.02200,
,,,01.760000000000,   0.02400,
,,,01.764000000000,   0.02600,
,,,01.768000000000,   0.02200,
,,,01.772000000000,   0.02400,
,,,01.776000000000,   0.02600,
,,,01.780000000000,   0.02400,
,,,01.784000000000,   0.02200,
,,,01.788000000000,   0.02400,
,,,01.792000000000,   0.02400,
,,,01.796000000000,   0.02400,
,,,01.800000000000,   0.02200,
,,,01.804000000000,   0.02400,
,,,01.808000000000,   0.02200,
,,,01.812000000000,   0.02200,
,,,01.816000000000,   0.02400,
,,,01.820000000000,   0.02200,
,,,01.824000000000,   0.02400,
,,,01.828000000000,   0.02200,
,,,01.832000000000,   0.02400,
,,,01.836000000000,   0.02400,
,,,01.840000000000,   0.02000,
,,,01.844000000000,   0.02200,
,,,01.848000000000,   0.02200,
,,,01.852000000000,   0.02200,
,,,01.856000000000,   0.02400,
,,,01.860000000000,   0.02400,
,,,01.864000000000,   0.02200,
,,,01.868000000000,   0.02400,
,,,01.872000000000,   0.02200,
,,,01.876000000000,   0.02000,
,,,01.880000000000,   0.02400,
,,,01.884000000000,   0.02200,
,,,01.888000000000,   0.02000,
,,,01.892000000000,   0.02200,
,,,01.896000000000,   0.02200,
,,,01.900000000000,   0.02000,
,,,01.904000000000,   0.02000,
,,,01.908000000000,   0.02200,
,,,01.912000000000,   0.02200,
,,,01.916000000000,   0.02200,
,,,01.920000000000,   0.02200,
,,,01.924000000000,   0.02200,
,,,01.928000000000,   0.02200,
,,,01.932000000000,   0.02000,
,,,01.936000000000,   0.02200,
,,,01.940000000000,   0.02200,
,,,01.944000000000,   0.02000,
,,,01.948000000000,   0.02000,
,,,01.952000000000,   0.02200,
,,,01.956000000000,   0.02200,
,,,01.960000000000,   0.02200,
,,,01.964000000000,   0.02200,
,,,01.968000000000,   0.02200,
,,,01.972000000000,   0.02000,
,,,01.976000000000,   0.02400,
,,,01.980000000000,   0.02000,
,,,01.984000000000,   0.02200,
,,,01.988000000000,   0.02000,
,,,01.992000000000,   0.02000,
,,,01.996000000000,   0.02200,
,,,02.000000000000,   0.02200,
,,,02.004000000000,   0.01800,
,,,02.008000000000,   0.02000,
,,,02.012000000000,   0.01800,
,,,02.016000000000,   0.02000,
,,,02.020000000000,   0.02000,
,,,02.024000000000,   0.02200,
,,,02.028000000000,   0.02000,
,,,02.032000000000,   0.02000,
,,,02.036000000000,   0.02000,
,,,02.040000000000,   0.02000,
,,,02.044000000000,   0.02000,
,,,02.048000000000,   0.02000,
,,,02.052000000000,   0.02000,
,,,02.056000000000,   0.02000,
,,,02.060000000000,   0.02000,
,,,02.064000000000,   0.02000,
,,,02.068000000000,   0.02000,
,,,02.072000000000,   0.02200,
,,,02.076000000000,   0.02000,
,,,02.080000000000,   0.02200,
,,,02.084000000000,   0.02000,
,,,02.088000000000,   0.02000,
,,,02.092000000000,   0.02000,
,,,02.096000000000,   0.01800,
,,,02.100000000000,   0.02000,
,,,02.104000000000,   0.02000,
,,,02.108000000000,   0.01800,
,,,02.112000000000,   0.02000,
,,,02.116000000000,   0.02000,
,,,02.120000000000,   0.02000,
,,,02.124000000000,   0.01800,
,,,02.128000000000,   0.02000,
,,,02.132000000000,   0.02200,
,,,02.136000000000,   0.01800,
,,,02.140000000000,   0.01800,
,,,02.144000000000,   0.02000,
,,,02.148000000000,   0.02000,
,,,02.152000000000,   0.01800,
,,,02.156000000000,   0.02000,
,,,02.160000000000,   0.01800,
,,,02.164000000000,   0.02000,
,,,02.168000000000,   0.02000,
,,,02.172000000000,   0.01800,
,,,02.176000000000,   0.01600,
,,,02.180000000000,   0.01800,
,,,02.184000000000,   0.02000,
,,,02.188000000000,   0.01600,
,,,02.192000000000,   0.02000,
,,,02.196000000000,   0.01800,
,,,02.200000000000,   0.01800,
,,,02.204000000000,   0.02000,
,,,02.208000000000,   0.01800,
,,,02.212000000000,   0.02000,
,,,02.216000000000,   0.01800,
,,,02.220000000000,   0.01800,
,,,02.224000000000,   0.01600,
,,,02.228000000000,   0.02000,
,,,02.232000000000,   0.01800,
,,,02.236000000000,   0.01800,
,,,02.240000000000,   0.01800,
,,,02.244000000000,   0.01800,
,,,02.248000000000,   0.01800,
,,,02.252000000000,   0.01800,
,,,02.256000000000,   0.01600,
,,,02.260000000000,   0.01800,
,,,02.264000000000,   0.01600,
,,,02.268000000000,   0.01800,
,,,02.272000000000,   0.01600,
,,,02.276000000000,   0.02000,
,,,02.280000000000,   0.01800,
,,,02.284000000000,   0.01800,
,,,02.288000000000,   0.02000,
,,,02.292000000000,   0.01800,
,,,02.296000000000,   0.01800,
,,,02.300000000000,   0.01800,
,,,02.304000000000,   0.02000,
,,,02.308000000000,   0.01600,
,,,02.312000000000,   0.01800,
,,,02.316000000000,   0.01800,
,,,02.320000000000,   0.01800,
,,,02.324000000000,   0.02000,
,,,02.328000000000,   0.01400,
,,,02.332000000000,   0.01600,
,,,02.336000000000,   0.01600,
,,,02.340000000000,   0.01600,
,,,02.344000000000,   0.01800,
,,,02.348000000000,   0.01800,
,,,02.352000000000,   0.01600,
,,,02.356000000000,   0.01800,
,,,02.360000000000,   0.01800,
,,,02.364000000000,   0.01800,
,,,02.368000000000,   0.01600,
,,,02.372000000000,   0.01600,
,,,02.376000000000,   0.01600,
,,,02.380000000000,   0.01600,
,,,02.384000000000,   0.01600,
,,,02.388000000000,   0.01800,
,,,02.392000000000,   0.01600,
,,,02.396000000000,   0.01600,
,,,02.400000000000,   0.01800,
,,,02.404000000000,   0.01600,
,,,02.408000000000,   0.01600,
,,,02.412000000000,   0.01800,
,,,02.416000000000,   0.01600,
,,,02.420000000000,   0.01600,
,,,02.424000000000,   0.01800,
,,,02.428000000000,   0.01600,
,,,02.432000000000,   0.02000,
,,,02.436000000000,   0.01600,
,,,02.440000000000,   0.01600,
,,,02.444000000000,   0.01600,
,,,02.448000000000,   0.01600,
,,,02.452000000000,   0.01800,
,,,02.456000000000,   0.01600,
,,,02.460000000000,   0.01600,
,,,02.464000000000,   0.01600,
,,,02.468000000000,   0.01600,
,,,02.472000000000,   0.01600,
,,,02.476000000000,   0.01400,
,,,02.480000000000,   0.01600,
,,,02.484000000000,   0.01800,
,,,02.488000000000,   0.01600,
,,,02.492000000000,   0.01600,
,,,02.496000000000,   0.01400,
,,,02.500000000000,   0.01600,
,,,02.504000000000,   0.01600,
,,,02.508000000000,   0.01600,
,,,02.512000000000,   0.01600,
,,,02.516000000000,   0.01600,
,,,02.520000000000,   0.01400,
,,,02.524000000000,   0.01600,
,,,02.528000000000,   0.01600,
,,,02.532000000000,   0.01400,
,,,02.536000000000,   0.01600,
,,,02.540000000000,   0.01600,
,,,02.544000000000,   0.01400,
,,,02.548000000000,   0.01600,
,,,02.552000000000,   0.01400,
,,,02.556000000000,   0.01600,
,,,02.560000000000,   0.01400,
,,,02.564000000000,   0.01800,
,,,02.568000000000,   0.01600,
,,,02.572000000000,   0.01600,
,,,02.576000000000,   0.01800,
,,,02.580000000000,   0.01400,
,,,02.584000000000,   0.01400,
,,,02.588000000000,   0.01600,
,,,02.592000000000,   0.01200,
,,,02.596000000000,   0.01600,
,,,02.600000000000,   0.01600,
,,,02.604000000000,   0.01400,
,,,02.608000000000,   0.01800,
,,,02.612000000000,   0.01600,
,,,02.616000000000,   0.01400,
,,,02.620000000000,   0.01600,
,,,02.624000000000,   0.01400,
,,,02.628000000000,   0.01200,
,,,02.632000000000,   0.01600,
,,,02.636000000000,   0.01200,
,,,02.640000000000,   0.01400,
,,,02.644000000000,   0.01400,
,,,02.648000000000,   0.01400,
,,,02.652000000000,   0.01400,
,,,02.656000000000,   0.01600,
,,,02.660000000000,   0.01600,
,,,02.664000000000,   0.01400,
,,,02.668000000000,   0.01800,
,,,02.672000000000,   0.01400,
,,,02.676000000000,   0.01600,
,,,02.680000000000,   0.01200,
,,,02.684000000000,   0.01400,
,,,02.688000000000,   0.01400,
,,,02.692000000000,   0.01400,
,,,02.696000000000,   0.01400,
,,,02.700000000000,   0.01400,
,,,02.704000000000,   0.01400,
,,,02.708000000000,   0.01400,
,,,02.712000000000,   0.01400,
,,,02.716000000000,   0.01600,
,,,02.720000000000,   0.01400,
,,,02.724000000000,   0.01400,
,,,02.728000000000,   0.01400,
,,,02.732000000000,   0.01400,
,,,02.736000000000,   0.01600,
,,,02.740000000000,   0.01400,
,,,02.744000000000,   0.01400,
,,,02.748000000000,   0.01400,
,,,02.752000000000,   0.01400,
,,,02.756000000000,   0.01400,
,,,02.760000000000,   0.01400,
,,,02.764000000000,   0.01600,
,,,02.768000000000,   0.01400,
,,,02.772000000000,   0.01600,
,,,02.776000000000,   0.01400,
,,,02.780000000000,   0.01400,
,,,02.784000000000,   0.01400,
,,,02.788000000000,   0.01400,
,,,02.792000000000,   0.01400,
,,,02.796000000000,   0.01400,
,,,02.800000000000,   0.01600,
,,,02.804000000000,   0.01400,
,,,02.808000000000,   0.01600,
,,,02.812000000000,   0.01600,
,,,02.816000000000,   0.01200,
,,,02.820000000000,   0.01200,
,,,02.824000000000,   0.01200,
,,,02.828000000000,   0.01000,
,,,02.832000000000,   0.01400,
,,,02.836000000000,   0.01400,
,,,02.840000000000,   0.01200,
,,,02.844000000000,   0.01200,
,,,02.848000000000,   0.01400,
,,,02.852000000000,   0.01600,
,,,02.856000000000,   0.00800,
,,,02.860000000000,   0.01400,
,,,02.864000000000,   0.01400,
,,,02.868000000000,   0.01400,
,,,02.872000000000,   0.01200,
,,,02.876000000000,   0.01400,
,,,02.880000000000,   0.01400,
,,,02.884000000000,   0.01200,
,,,02.888000000000,   0.01200,
,,,02.892000000000,   0.01600,
,,,02.896000000000,   0.01400,
,,,02.900000000000,   0.01200,
,,,02.904000000000,   0.01200,
,,,02.908000000000,   0.01200,
,,,02.912000000000,   0.01200,
,,,02.916000000000,   0.01200,
,,,02.920000000000,   0.01400,
,,,02.924000000000,   0.01200,
,,,02.928000000000,   0.01400,
,,,02.932000000000,   0.01200,
,,,02.936000000000,   0.01400,
,,,02.940000000000,   0.01200,
,,,02.944000000000,   0.01400,
,,,02.948000000000,   0.01200,
,,,02.952000000000,   0.01200,
,,,02.956000000000,   0.01200,
,,,02.960000000000,   0.01200,
,,,02.964000000000,   0.01200,
,,,02.968000000000,   0.01200,
,,,02.972000000000,   0.01400,
,,,02.976000000000,   0.01400,
,,,02.980000000000,   0.01200,
,,,02.984000000000,   0.01600,
,,,02.988000000000,   0.01400,
,,,02.992000000000,   0.01200,
,,,02.996000000000,   0.01200,
,,,03.000000000000,   0.01200,
,,,03.004000000000,   0.01200,
,,,03.008000000000,   0.01200,
,,,03.012000000000,   0.01200,
,,,03.016000000000,   0.01200,
,,,03.020000000000,   0.01000,
,,,03.024000000000,   0.01200,
,,,03.028000000000,   0.01400,
,,,03.032000000000,   0.01200,
,,,03.036000000000,   0.01000,
,,,03.040000000000,   0.01000,
,,,03.044000000000,   0.01200,
,,,03.048000000000,   0.01200,
,,,03.052000000000,   0.01400,
,,,03.056000000000,   0.01200,
,,,03.060000000000,   0.01200,
,,,03.064000000000,   0.01200,
,,,03.068000000000,   0.01200,
,,,03.072000000000,   0.01200,
,,,03.076000000000,   0.01400,
,,,03.080000000000,   0.01200,
,,,03.084000000000,   0.01000,
,,,03.088000000000,   0.01200,
,,,03.092000000000,   0.01200,
,,,03.096000000000,   0.01200,
,,,03.100000000000,   0.01000,
,,,03.104000000000,   0.01400,
,,,03.108000000000,   0.01200,
,,,03.112000000000,   0.01200,
,,,03.116000000000,   0.01200,
,,,03.120000000000,   0.01400,
,,,03.124000000000,   0.01200,
,,,03.128000000000,   0.01200,
,,,03.132000000000,   0.01200,
,,,03.136000000000,   0.01200,
,,,03.140000000000,   0.01400,
,,,03.144000000000,   0.01000,
,,,03.148000000000,   0.01000,
,,,03.152000000000,   0.01000,
,,,03.156000000000,   0.01200,
,,,03.160000000000,   0.01400,
,,,03.164000000000,   0.01200,
,,,03.168000000000,   0.01200,
,,,03.172000000000,   0.01200,
,,,03.176000000000,   0.01200,
,,,03.180000000000,   0.01000,
,,,03.184000000000,   0.01200,
,,,03.188000000000,   0.01200,
,,,03.192000000000,   0.01200,
,,,03.196000000000,   0.01200,
,,,03.200000000000,   0.01200,
,,,03.204000000000,   0.01000,
,,,03.208000000000,   0.01200,
,,,03.212000000000,   0.01200,
,,,03.216000000000,   0.01200,
,,,03.220000000000,   0.01200,
,,,03.224000000000,   0.01400,
,,,03.228000000000,   0.01200,
,,,03.232000000000,   0.01200,
,,,03.236000000000,   0.01200,
,,,03.240000000000,   0.01400,
,,,03.244000000000,   0.01200,
,,,03.248000000000,   0.01400,
,,,03.252000000000,   0.01200,
,,,03.256000000000,   0.01000,
,,,03.260000000000,   0.01400,
,,,03.264000000000,   0.01200,
,,,03.268000000000,   0.01200,
,,,03.272000000000,   0.01200,
,,,03.276000000000,   0.01200,
,,,03.280000000000,   0.01200,
,,,03.284000000000,   0.01200,
,,,03.288000000000,   0.01200,
,,,03.292000000000,   0.01000,
,,,03.296000000000,   0.01200,
,,,03.300000000000,   0.01200,
,,,03.304000000000,   0.01200,
,,,03.308000000000,   0.01200,
,,,03.312000000000,   0.01000,
,,,03.316000000000,   0.01200,
,,,03.320000000000,   0.01200,
,,,03.324000000000,   0.01000,
,,,03.328000000000,   0.00800,
,,,03.332000000000,   0.01200,
,,,03.336000000000,   0.01200,
,,,03.340000000000,   0.01200,
,,,03.344000000000,   0.01000,
,,,03.348000000000,   0.01000,
,,,03.352000000000,   0.01200,
,,,03.356000000000,   0.01200,
,,,03.360000000000,   0.01200,
,,,03.364000000000,   0.01200,
,,,03.368000000000,   0.01000,
,,,03.372000000000,   0.01000,
,,,03.376000000000,   0.01200,
,,,03.380000000000,   0.01400,
,,,03.384000000000,   0.01000,
,,,03.388000000000,   0.01200,
,,,03.392000000000,   0.01200,
,,,03.396000000000,   0.01000,
,,,03.400000000000,   0.01200,
,,,03.404000000000,   0.01200,
,,,03.408000000000,   0.01000,
,,,03.412000000000,   0.01000,
,,,03.416000000000,   0.01200,
,,,03.420000000000,   0.01200,
,,,03.424000000000,   0.01200,
,,,03.428000000000,   0.01000,
,,,03.432000000000,   0.01000,
,,,03.436000000000,   0.01400,
,,,03.440000000000,   0.01200,
,,,03.444000000000,   0.01000,
,,,03.448000000000,   0.01200,
,,,03.452000000000,   0.01000,
,,,03.456000000000,   0.01400,
,,,03.460000000000,   0.01200,
,,,03.464000000000,   0.01000,
,,,03.468000000000,   0.01200,
,,,03.472000000000,   0.01200,
,,,03.476000000000,   0.01000,
,,,03.480000000000,   0.01000,
,,,03.484000000000,   0.01000,
,,,03.488000000000,   0.01000,
,,,03.492000000000,   0.01200,
,,,03.496000000000,   0.01000,
,,,03.500000000000,   0.00800,
,,,03.504000000000,   0.01000,
,,,03.508000000000,   0.01200,
,,,03.512000000000,   0.01200,
,,,03.516000000000,   0.01000,
,,,03.520000000000,   0.01400,
,,,03.524000000000,   0.01000,
,,,03.528000000000,   0.01200,
,,,03.532000000000,   0.01400,
,,,03.536000000000,   0.01000,
,,,03.540000000000,   0.01000,
,,,03.544000000000,   0.01200,
,,,03.548000000000,   0.01000,
,,,03.552000000000,   0.01000,
,,,03.556000000000,   0.01000,
,,,03.560000000000,   0.01000,
,,,03.564000000000,   0.01200,
,,,03.568000000000,   0.01000,
,,,03.572000000000,   0.01000,
,,,03.576000000000,   0.01000,
,,,03.580000000000,   0.01000,
,,,03.584000000000,   0.01000,
,,,03.588000000000,   0.01000,
,,,03.592000000000,   0.01000,
,,,03.596000000000,   0.00800,
,,,03.600000000000,   0.01000,
,,,03.604000000000,   0.01200,
,,,03.608000000000,   0.01000,
,,,03.612000000000,   0.01200,
,,,03.616000000000,   0.01400,
,,,03.620000000000,   0.01000,
,,,03.624000000000,   0.01200,
,,,03.628000000000,   0.01400,
,,,03.632000000000,   0.00800,
,,,03.636000000000,   0.01000,
,,,03.640000000000,   0.01000,
,,,03.644000000000,   0.01000,
,,,03.648000000000,   0.01000,
,,,03.652000000000,   0.01000,
,,,03.656000000000,   0.01000,
,,,03.660000000000,   0.01000,
,,,03.664000000000,   0.01200,
,,,03.668000000000,   0.01000,
,,,03.672000000000,   0.01000,
,,,03.676000000000,   0.01000,
,,,03.680000000000,   0.01200,
,,,03.684000000000,   0.01000,
,,,03.688000000000,   0.01000,
,,,03.692000000000,   0.01000,
,,,03.696000000000,   0.01000,
,,,03.700000000000,   0.01000,
,,,03.704000000000,   0.01600,
,,,03.708000000000,   0.00800,
,,,03.712000000000,   0.01000,
,,,03.716000000000,   0.01000,
,,,03.720000000000,   0.01000,
,,,03.724000000000,   0.01000,
,,,03.728000000000,   0.01000,
,,,03.732000000000,   0.01000,
,,,03.736000000000,   0.01000,
,,,03.740000000000,   0.01200,
,,,03.744000000000,   0.01000,
,,,03.748000000000,   0.01000,
,,,03.752000000000,   0.01000,
,,,03.756000000000,   0.01000,
,,,03.760000000000,   0.01200,
,,,03.764000000000,   0.01000,
,,,03.768000000000,   0.01000,
,,,03.772000000000,   0.01000,
,,,03.776000000000,   0.01000,
,,,03.780000000000,   0.01200,
,,,03.784000000000,   0.01000,
,,,03.788000000000,   0.01000,
,,,03.792000000000,   0.01000,
,,,03.796000000000,   0.01000,
,,,03.800000000000,   0.01000,
,,,03.804000000000,   0.00800,
,,,03.808000000000,   0.01000,
,,,03.812000000000,   0.01000,
,,,03.816000000000,   0.01000,
,,,03.820000000000,   0.01000,
,,,03.824000000000,   0.01000,
,,,03.828000000000,   0.01000,
,,,03.832000000000,   0.01000,
,,,03.836000000000,   0.01000,
,,,03.840000000000,   0.01000,
,,,03.844000000000,   0.01000,
,,,03.848000000000,   0.01000,
,,,03.852000000000,   0.01000,
,,,03.856000000000,   0.01000,
,,,03.860000000000,   0.01000,
,,,03.864000000000,   0.01000,
,,,03.868000000000,   0.01000,
,,,03.872000000000,   0.01000,
,,,03.876000000000,   0.01000,
,,,03.880000000000,   0.01000,
,,,03.884000000000,   0.01000,
,,,03.888000000000,   0.01000,
,,,03.892000000000,   0.01000,
,,,03.896000000000,   0.01000,
,,,03.900000000000,   0.01000,
,,,03.904000000000,   0.01000,
,,,03.908000000000,   0.01200,
,,,03.912000000000,   0.01000,
,,,03.916000000000,   0.01000,
,,,03.920000000000,   0.01000,
,,,03.924000000000,   0.01000,
,,,03.928000000000,   0.01000,
,,,03.932000000000,   0.01000,
,,,03.936000000000,   0.01000,
,,,03.940000000000,   0.01000,
,,,03.944000000000,   0.01000,
,,,03.948000000000,   0.01000,
,,,03.952000000000,   0.01000,
,,,03.956000000000,   0.01200,
,,,03.960000000000,   0.01000,
,,,03.964000000000,   0.01000,
,,,03.968000000000,   0.01000,
,,,03.972000000000,   0.01000,
,,,03.976000000000,   0.01000,
,,,03.980000000000,   0.01000,
,,,03.984000000000,   0.01000,
,,,03.988000000000,   0.01000,
,,,03.992000000000,   0.01000,
,,,03.996000000000,   0.01000,
,,,04.000000000000,   0.01000,
,,,04.004000000000,   0.00800,
,,,04.008000000000,   0.00800,
,,,04.012000000000,   0.01000,
,,,04.016000000000,   0.01200,
,,,04.020000000000,   0.01000,
,,,04.024000000000,   0.01000,
,,,04.028000000000,   0.01000,
,,,04.032000000000,   0.01000,
,,,04.036000000000,   0.01000,
,,,04.040000000000,   0.01000,
,,,04.044000000000,   0.01200,
,,,04.048000000000,   0.01000,
,,,04.052000000000,   0.01000,
,,,04.056000000000,   0.01000,
,,,04.060000000000,   0.01000,
,,,04.064000000000,   0.01400,
,,,04.068000000000,   0.01000,
,,,04.072000000000,   0.01000,
,,,04.076000000000,   0.01000,
,,,04.080000000000,   0.01000,
,,,04.084000000000,   0.01000,
,,,04.088000000000,   0.01000,
,,,04.092000000000,   0.01200,
,,,04.096000000000,   0.01000,
,,,04.100000000000,   0.01000,
,,,04.104000000000,   0.01000,
,,,04.108000000000,   0.01000,
,,,04.112000000000,   0.01000,
,,,04.116000000000,   0.01000,
,,,04.120000000000,   0.01000,
,,,04.124000000000,   0.01000,
,,,04.128000000000,   0.01000,
,,,04.132000000000,   0.01000,
,,,04.136000000000,   0.01000,
,,,04.140000000000,   0.01000,
,,,04.144000000000,   0.01000,
,,,04.148000000000,   0.01000,
,,,04.152000000000,   0.00800,
,,,04.156000000000,   0.00800,
,,,04.160000000000,   0.01000,
,,,04.164000000000,   0.01000,
,,,04.168000000000,   0.01000,
,,,04.172000000000,   0.01000,
,,,04.176000000000,   0.01000,
,,,04.180000000000,   0.01000,
,,,04.184000000000,   0.01200,
,,,04.188000000000,   0.00800,
,,,04.192000000000,   0.01000,
,,,04.196000000000,   0.01000,
,,,04.200000000000,   0.01000,
,,,04.204000000000,   0.01000,
,,,04.208000000000,   0.01000,
,,,04.212000000000,   0.01000,
,,,04.216000000000,   0.01000,
,,,04.220000000000,   0.01200,
,,,04.224000000000,   0.01000,
,,,04.228000000000,   0.01000,
,,,04.232000000000,   0.01000,
,,,04.236000000000,   0.01000,
,,,04.240000000000,   0.01000,
,,,04.244000000000,   0.01000,
,,,04.248000000000,   0.01200,
,,,04.252000000000,   0.01000,
,,,04.256000000000,   0.01000,
,,,04.260000000000,   0.00800,
,,,04.264000000000,   0.01000,
,,,04.268000000000,   0.01000,
,,,04.272000000000,   0.00800,
,,,04.276000000000,   0.01000,
,,,04.280000000000,   0.01000,
,,,04.284000000000,   0.01000,
,,,04.288000000000,   0.01000,
,,,04.292000000000,   0.01000,
,,,04.296000000000,   0.01000,
,,,04.300000000000,   0.00800,
,,,04.304000000000,   0.01000,
,,,04.308000000000,   0.01000,
,,,04.312000000000,   0.01000,
,,,04.316000000000,   0.01000,
,,,04.320000000000,   0.01000,
,,,04.324000000000,   0.01000,
,,,04.328000000000,   0.01000,
,,,04.332000000000,   0.01000,
,,,04.336000000000,   0.00800,
,,,04.340000000000,   0.01000,
,,,04.344000000000,   0.01000,
,,,04.348000000000,   0.01000,
,,,04.352000000000,   0.01000,
,,,04.356000000000,   0.01000,
,,,04.360000000000,   0.01000,
,,,04.364000000000,   0.01000,
,,,04.368000000000,   0.01000,
,,,04.372000000000,   0.01000,
,,,04.376000000000,   0.01000,
,,,04.380000000000,   0.00800,
,,,04.384000000000,   0.01000,
,,,04.388000000000,   0.01000,
,,,04.392000000000,   0.01000,
,,,04.396000000000,   0.01000,
,,,04.400000000000,   0.01000,
,,,04.404000000000,   0.01000,
,,,04.408000000000,   0.01000,
,,,04.412000000000,   0.01000,
,,,04.416000000000,   0.01000,
,,,04.420000000000,   0.01000,
,,,04.424000000000,   0.01000,
,,,04.428000000000,   0.01000,
,,,04.432000000000,   0.01000,
,,,04.436000000000,   0.00800,
,,,04.440000000000,   0.01000,
,,,04.444000000000,   0.01000,
,,,04.448000000000,   0.01000,
,,,04.452000000000,   0.01000,
,,,04.456000000000,   0.01000,
,,,04.460000000000,   0.01000,
,,,04.464000000000,   0.01000,
,,,04.468000000000,   0.01000,
,,,04.472000000000,   0.01000,
,,,04.476000000000,   0.00600,
,,,04.480000000000,   0.01000,
,,,04.484000000000,   0.01000,
,,,04.488000000000,   0.01000,
,,,04.492000000000,   0.01000,
,,,04.496000000000,   0.01000,
,,,04.500000000000,   0.01000,
,,,04.504000000000,   0.01000,
,,,04.508000000000,   0.01000,
,,,04.512000000000,   0.01000,
,,,04.516000000000,   0.01000,
,,,04.520000000000,   0.01000,
,,,04.524000000000,   0.01000,
,,,04.528000000000,   0.01000,
,,,04.532000000000,   0.00600,
,,,04.536000000000,   0.01000,
,,,04.540000000000,   0.01000,
,,,04.544000000000,   0.01000,
,,,04.548000000000,   0.01000,
,,,04.552000000000,   0.01000,
,,,04.556000000000,   0.01000,
,,,04.560000000000,   0.01000,
,,,04.564000000000,   0.00800,
,,,04.568000000000,   0.01000,
,,,04.572000000000,   0.01000,
,,,04.576000000000,   0.01000,
,,,04.580000000000,   0.00800,
,,,04.584000000000,   0.01000,
,,,04.588000000000,   0.01000,
,,,04.592000000000,   0.01000,
,,,04.596000000000,   0.00800,
,,,04.600000000000,   0.01000,
,,,04.604000000000,   0.01000,
,,,04.608000000000,   0.00800,
,,,04.612000000000,   0.01000,
,,,04.616000000000,   0.00800,
,,,04.620000000000,   0.01000,
,,,04.624000000000,   0.01000,
,,,04.628000000000,   0.01000,
,,,04.632000000000,   0.01200,
,,,04.636000000000,   0.01000,
,,,04.640000000000,   0.00800,
,,,04.644000000000,   0.01000,
,,,04.648000000000,   0.01000,
,,,04.652000000000,   0.01000,
,,,04.656000000000,   0.00800,
,,,04.660000000000,   0.01000,
,,,04.664000000000,   0.01000,
,,,04.668000000000,   0.01000,
,,,04.672000000000,   0.01000,
,,,04.676000000000,   0.01000,
,,,04.680000000000,   0.01000,
,,,04.684000000000,   0.00800,
,,,04.688000000000,   0.01000,
,,,04.692000000000,   0.01000,
,,,04.696000000000,   0.01000,
,,,04.700000000000,   0.01000,
,,,04.704000000000,   0.01000,
,,,04.708000000000,   0.00800,
,,,04.712000000000,   0.00800,
,,,04.716000000000,   0.01000,
,,,04.720000000000,   0.01000,
,,,04.724000000000,   0.01000,
,,,04.728000000000,   0.01000,
,,,04.732000000000,   0.00800,
,,,04.736000000000,   0.01000,
,,,04.740000000000,   0.00600,
,,,04.744000000000,   0.01000,
,,,04.748000000000,   0.01000,
,,,04.752000000000,   0.01000,
,,,04.756000000000,   0.00800,
,,,04.760000000000,   0.01000,
,,,04.764000000000,   0.01000,
,,,04.768000000000,   0.01000,
,,,04.772000000000,   0.01000,
,,,04.776000000000,   0.01000,
,,,04.780000000000,   0.01000,
,,,04.784000000000,   0.01000,
,,,04.788000000000,   0.01000,
,,,04.792000000000,   0.01000,
,,,04.796000000000,   0.01400,
,,,04.800000000000,   0.01000,
,,,04.804000000000,   0.01000,
,,,04.808000000000,   0.01000,
,,,04.812000000000,   0.01000,
,,,04.816000000000,   0.01000,
,,,04.820000000000,   0.01000,
,,,04.824000000000,   0.01000,
,,,04.828000000000,   0.01000,
,,,04.832000000000,   0.01000,
,,,04.836000000000,   0.01000,
,,,04.840000000000,   0.01000,
,,,04.844000000000,   0.01000,
,,,04.848000000000,   0.00800,
,,,04.852000000000,   0.01000,
,,,04.856000000000,   0.00600,
,,,04.860000000000,   0.01000,
,,,04.864000000000,   0.01000,
,,,04.868000000000,   0.01000,
,,,04.872000000000,   0.01000,
,,,04.876000000000,   0.01000,
,,,04.880000000000,   0.01000,
,,,04.884000000000,   0.00600,
,,,04.888000000000,   0.01000,
,,,04.892000000000,   0.01000,
,,,04.896000000000,   0.01000,
,,,04.900000000000,   0.01000,
,,,04.904000000000,   0.01000,
,,,04.908000000000,   0.01000,
,,,04.912000000000,   0.01000,
,,,04.916000000000,   0.01000,
