"time.aa.","intensity.aa.","A.aa."
1,0.008239746,1.43136373253463
2,0.008239746,1.43136373253463
3,0.008239746,1.43136373253463
4,0.008239746,1.43136373253463
5,0.008239746,1.43136373253463
6,0.007324219,1.38021122985247
7,0.007324219,1.38021122985247
8,0.007019043,1.3617278112681
9,0.007019043,1.3617278112681
10,0.0064086915,1.32221927440397
11,0.0064086915,1.32221927440397
12,0.0064086915,1.32221927440397
13,0.0064086915,1.32221927440397
14,0.0064086915,1.32221927440397
15,0.006103516,1.30102999566398
16,0.0064086915,1.32221927440397
17,0.006713867,1.34242264201049
18,0.0064086915,1.32221927440397
19,0.0064086915,1.32221927440397
20,0.0064086915,1.32221927440397
21,0.00579834,1.27875358597287
22,0.00579834,1.27875358597287
23,0.005493164,1.25527247347895
24,0.0045776365,1.17609121161914
25,0.0048828125,1.20411995597287
26,0.004272461,1.14612801534829
27,0.004272461,1.14612801534829
28,0.003967285,1.11394330851926
29,0.004577637,1.17609125905568
30,0.004272461,1.14612801534829
31,0.004272461,1.14612801534829
32,0.004577637,1.17609125905568
33,0.004882813,1.20412000044463
34,0.004577637,1.17609125905568
35,0.004577637,1.17609125905568
36,0.004577637,1.17609125905568
37,0.004272461,1.14612801534829
38,0.004272461,1.14612801534829
39,0.0039672855,1.11394336325373
40,0.0039672855,1.11394336325373
41,0.0030517575,0.999999928845191
42,0.0030517575,0.999999928845191
43,0.003051758,1
44,0.002746582,0.954242477814967
45,0.002746582,0.954242477814967
46,0.002746582,0.954242477814967
47,0.0030517575,0.999999928845191
48,0.0030517575,0.999999928845191
49,0.0033569335,1.04139264634651
50,0.0033569335,1.04139264634651
51,0.0033569335,1.04139264634651
52,0.0033569335,1.04139264634651
53,0.0030517575,0.999999928845191
54,0.0033569335,1.04139264634651
55,0.0030517575,0.999999928845191
56,0.0024414065,0.903090004780644
57,0.002746582,0.954242477814967
58,0.0024414065,0.903090004780644
59,0.0021362305,0.845098019684313
60,0.0021362305,0.845098019684313
61,0.0021362305,0.845098019684313
62,0.0021362305,0.845098019684313
63,0.0021362305,0.845098019684313
64,0.0024414065,0.903090004780644
65,0.0021362305,0.845098019684313
66,0.002746582,0.954242477814967
67,0.002746582,0.954242477814967
68,0.002441406,0.903089915837134
69,0.003051758,1
70,0.002746582,0.954242477814967
71,0.0024414065,0.903090004780644
72,0.0024414065,0.903090004780644
73,0.0021362305,0.845098019684313
74,0.0018310545,0.778151179228834
75,0.001525879,0.698970004336019
76,0.001525879,0.698970004336019
77,0.001220703,0.602059920173153
78,0.001525879,0.698970004336019
79,0.0012207033,0.602060026905363
80,0.001220703,0.602059920173153
81,0.0018310545,0.778151179228834
82,0.0018310545,0.778151179228834
83,0.002441406,0.903089915837134
84,0.002441406,0.903089915837134
85,0.002441406,0.903089915837134
86,0.0021362305,0.845098019684313
87,0.0018310545,0.778151179228834
88,0.0018310545,0.778151179228834
89,0.0018310545,0.778151179228834
90,0.0018310545,0.778151179228834
91,0.0012207033,0.602060026905363
92,0.0009155273,0.477121207283124
93,0.001220703,0.602059920173153
94,0.0006103516,0.301029995663981
95,0.0009155273,0.477121207283124
96,0.001525879,0.698970004336019
97,0.0012207033,0.602060026905363
98,0.0012207033,0.602060026905363
99,0.0018310545,0.778151179228834
100,0.0018310545,0.778151179228834
101,0.001831055,0.778151297820177
102,0.002441406,0.903089915837134
103,0.0021362305,0.845098019684313
104,0.0018310545,0.778151179228834
105,0.0018310545,0.778151179228834
106,0.0015258788,0.698969947412172
107,0.0012207033,0.602060026905363
108,0.0009155273,0.477121207283124
109,0.0009155273,0.477121207283124
110,0.0006103516,0.301029995663981
111,0.0009155273,0.477121207283124
112,0.0009155273,0.477121207283124
113,0.0009155273,0.477121207283124
114,0.0012207033,0.602060026905363
115,0.0012207033,0.602060026905363
116,0.001831055,0.778151297820177
117,0.001525879,0.698970004336019
118,0.001831055,0.778151297820177
119,0.001831055,0.778151297820177
120,0.001525879,0.698970004336019
121,0.001525879,0.698970004336019
122,0.0012207033,0.602060026905363
123,0.0009155275,0.477121302156196
124,0.0009155273,0.477121207283124
125,0.0009155273,0.477121207283124
126,0.0006103515,0.301029924509172
127,0,-Inf
128,0.0009155273,0.477121207283124
129,0.0009155273,0.477121207283124
130,0.0006103515,0.301029924509172
131,0.0009155273,0.477121207283124
132,0.001525879,0.698970004336019
133,0.0012207033,0.602060026905363
134,0.001220703,0.602059920173153
135,0.001525879,0.698970004336019
136,0.001831055,0.778151297820177
137,0.0012207033,0.602060026905363
138,0.0012207033,0.602060026905363
139,0.0012207033,0.602060026905363
140,0.0012207033,0.602060026905363
141,0.0003051757,-1.4230963028421e-07
142,0.0006103516,0.301029995663981
143,0.0006103516,0.301029995663981
146,0.0006103515,0.301029924509172
147,0.0006103515,0.301029924509172
148,0.0009155273,0.477121207283124
149,0.0009155273,0.477121207283124
150,0.0012207033,0.602060026905363
151,0.001525879,0.698970004336019
152,0.001525879,0.698970004336019
153,0.001220703,0.602059920173153
154,0.001525879,0.698970004336019
155,0.0012207033,0.602060026905363
156,0.0006103515,0.301029924509172
157,0.0006103515,0.301029924509172
158,0.0006103515,0.301029924509172
159,0.0006103516,0.301029995663981
161,0,-Inf
163,0.0006103515,0.301029924509172
164,0.0006103515,0.301029924509172
165,0.0006103515,0.301029924509172
166,0.0012207033,0.602060026905363
167,0.0012207033,0.602060026905363
168,0.001220703,0.602059920173153
169,0.001525879,0.698970004336019
170,0.0012207033,0.602060026905363
171,0.0012207033,0.602060026905363
172,0.0009155273,0.477121207283124
173,0.0009155275,0.477121302156196
177,0,-Inf
181,0.0006103515,0.301029924509172
182,0.0012207033,0.602060026905363
183,0.001525879,0.698970004336019
184,0.0009155273,0.477121207283124
185,0.001220703,0.602059920173153
186,0.001220703,0.602059920173153
187,0.0009155273,0.477121207283124
188,0.0009155275,0.477121302156196
189,0.0006103515,0.301029924509172
190,0.0006103515,0.301029924509172
192,0,-Inf
193,0,-Inf
194,0,-Inf
195,0,-Inf
197,0.0006103515,0.301029924509172
198,0.0006103515,0.301029924509172
199,0.0009155273,0.477121207283124
200,0.0009155273,0.477121207283124
201,0.0009155273,0.477121207283124
202,0.001220703,0.602059920173153
203,0.0012207033,0.602060026905363
204,0.0009155273,0.477121207283124
205,0.0012207033,0.602060026905363
206,0.0006103515,0.301029924509172
207,0,-Inf
210,0,-Inf
211,0,-Inf
213,0,-Inf
214,0.0006103515,0.301029924509172
215,0.0006103515,0.301029924509172
216,0.0009155273,0.477121207283124
217,0.0009155273,0.477121207283124
218,0.001220703,0.602059920173153
219,0.001220703,0.602059920173153
220,0.0009155273,0.477121207283124
221,0.0009155273,0.477121207283124
222,0.0006103515,0.301029924509172
223,0.0003051757,-1.4230963028421e-07
226,0,-Inf
227,0,-Inf
230,0.0006103515,0.301029924509172
231,0.0006103515,0.301029924509172
232,0.0006103515,0.301029924509172
233,0.0009155273,0.477121207283124
234,0.0009155273,0.477121207283124
235,0.001220703,0.602059920173153
236,0.001220703,0.602059920173153
237,0.0009155273,0.477121207283124
238,0.0006103515,0.301029924509172
239,0.0006103515,0.301029924509172
240,0.0006103515,0.301029924509172
242,0,-Inf
243,0,-Inf
244,0,-Inf
NA,NA,NA
246,0,-Inf
248,0.0006103515,0.301029924509172
249,0.0009155273,0.477121207283124
250,0.0009155273,0.477121207283124
251,0.0009155273,0.477121207283124
252,0.0009155273,0.477121207283124
253,0.0009155273,0.477121207283124
254,0.0006103515,0.301029924509172
255,0.0009155273,0.477121207283124
256,0.0006103515,0.301029924509172
257,0.0006103515,0.301029924509172
258,0,-Inf
NA,NA,NA
261,0,-Inf
264,0.0006103515,0.301029924509172
265,0.0006103515,0.301029924509172
266,0.0006103515,0.301029924509172
267,0.0009155273,0.477121207283124
268,0.001220703,0.602059920173153
269,0.0009155273,0.477121207283124
270,0.0009155273,0.477121207283124
271,0.0006103515,0.301029924509172
272,0.0006103515,0.301029924509172
273,0.0006103515,0.301029924509172
274,0,-Inf
275,0,-Inf
277,0,-Inf
281,0.0003051757,-1.4230963028421e-07
282,0.0006103515,0.301029924509172
283,0.0006103515,0.301029924509172
284,0.0009155273,0.477121207283124
285,0.001220703,0.602059920173153
286,0.0009155273,0.477121207283124
287,0.0009155273,0.477121207283124
288,0.0012207033,0.602060026905363
289,0.0006103515,0.301029924509172
290,0.0006103515,0.301029924509172
291,0,-Inf
293,0,-Inf
294,0,-Inf
295,0,-Inf
296,0,-Inf
297,0,-Inf
299,0.0009155275,0.477121302156196
300,0.0009155273,0.477121207283124
301,0.0009155273,0.477121207283124
302,0.001220703,0.602059920173153
303,0.0009155273,0.477121207283124
304,0.0009155273,0.477121207283124
305,0.0006103515,0.301029924509172
306,0.0006103515,0.301029924509172
307,0,-Inf
309,0,-Inf
310,0,-Inf
311,0,-Inf
312,0,-Inf
315,0.0006103515,0.301029924509172
316,0.0006103515,0.301029924509172
317,0.0009155273,0.477121207283124
318,0.0006103516,0.301029995663981
319,0.001220703,0.602059920173153
320,0.0009155273,0.477121207283124
321,0.0006103515,0.301029924509172
322,0.0006103515,0.301029924509172
323,0.0006103515,0.301029924509172
325,0,-Inf
326,0,-Inf
327,0,-Inf
328,0,-Inf
NA,NA,NA
330,0,-Inf
331,0.0006103515,0.301029924509172
332,0.0006103515,0.301029924509172
333,0.0009155273,0.477121207283124
334,0.0009155273,0.477121207283124
335,0.001220703,0.602059920173153
336,0.001220703,0.602059920173153
337,0.0006103516,0.301029995663981
338,0.0006103515,0.301029924509172
339,0.0006103515,0.301029924509172
340,0,-Inf
341,0,-Inf
342,0,-Inf
NA,NA,NA
344,0,-Inf
345,0,-Inf
NA,NA,NA
348,0.0006103515,0.301029924509172
349,0.0006103515,0.301029924509172
350,0.0009155273,0.477121207283124
351,0.0009155273,0.477121207283124
352,0.0006103516,0.301029995663981
353,0.0009155273,0.477121207283124
354,0.0009155273,0.477121207283124
355,0.0006103515,0.301029924509172
356,0.0006103515,0.301029924509172
358,0,-Inf
NA,NA,NA
NA,NA,NA
363,0,-Inf
365,0.0006103515,0.301029924509172
366,0.0006103515,0.301029924509172
367,0.0009155273,0.477121207283124
368,0.0009155273,0.477121207283124
369,0.0009155273,0.477121207283124
370,0.0009155273,0.477121207283124
371,0.0006103515,0.301029924509172
372,0.0006103515,0.301029924509172
376,0,-Inf
377,0,-Inf
NA,NA,NA
379,0,-Inf
380,0,-Inf
381,0.0006103515,0.301029924509172
382,0.0006103515,0.301029924509172
383,0.0006103515,0.301029924509172
384,0.0009155273,0.477121207283124
385,0.001220703,0.602059920173153
386,0.001220703,0.602059920173153
387,0.0009155273,0.477121207283124
388,0.0006103515,0.301029924509172
389,0.0006103515,0.301029924509172
NA,NA,NA
393,0,-Inf
394,0,-Inf
NA,NA,NA
396,0,-Inf
397,0,-Inf
398,0.0003051757,-1.4230963028421e-07
399,0.0006103515,0.301029924509172
400,0.0006103516,0.301029995663981
401,0.0009155273,0.477121207283124
402,0.001220703,0.602059920173153
403,0.0009155273,0.477121207283124
404,0.0009155273,0.477121207283124
405,0.0006103515,0.301029924509172
406,0.0006103515,0.301029924509172
409,0,-Inf
NA,NA,NA
411,0,-Inf
412,0,-Inf
413,0,-Inf
414,0.0006103515,0.301029924509172
415,0.0006103515,0.301029924509172
416,0.0006103515,0.301029924509172
417,0.0009155273,0.477121207283124
419,0.001220703,0.602059920173153
420,0.0009155273,0.477121207283124
422,0.0006103515,0.301029924509172
NA,NA,NA
NA,NA,NA
427,0,-Inf
428,0,-Inf
NA,NA,NA
430,0.0006103515,0.301029924509172
431,0.0006103515,0.301029924509172
432,0.0006103515,0.301029924509172
433,0.0006103515,0.301029924509172
434,0.0009155273,0.477121207283124
435,0.0009155273,0.477121207283124
436,0.0006103516,0.301029995663981
437,0.0009155273,0.477121207283124
438,0.0006103515,0.301029924509172
439,0.0003051757,-1.4230963028421e-07
440,0.0006103515,0.301029924509172
441,0,-Inf
NA,NA,NA
443,0,-Inf
444,0,-Inf
NA,NA,NA
446,0,-Inf
449,0.0006103515,0.301029924509172
450,0.0009155273,0.477121207283124
451,0.0009155273,0.477121207283124
452,0.0009155273,0.477121207283124
453,0.0006103516,0.301029995663981
454,0.0006103515,0.301029924509172
455,0.0006103515,0.301029924509172
456,0.0006103515,0.301029924509172
457,0,-Inf
NA,NA,NA
460,0,-Inf
461,0,-Inf
462,0,-Inf
464,0.0006103515,0.301029924509172
465,0.0006103515,0.301029924509172
466,0.0006103515,0.301029924509172
467,0.0006103516,0.301029995663981
468,0.0009155273,0.477121207283124
469,0.0009155273,0.477121207283124
470,0.0009155273,0.477121207283124
471,0.0006103515,0.301029924509172
473,0.0003051757,-1.4230963028421e-07
475,0,-Inf
476,0,-Inf
NA,NA,NA
NA,NA,NA
NA,NA,NA
NA,NA,NA
481,0,-Inf
482,0.0006103515,0.301029924509172
483,0.0006103515,0.301029924509172
484,0.0009155273,0.477121207283124
485,0.001220703,0.602059920173153
486,0.0009155273,0.477121207283124
487,0.0009155273,0.477121207283124
488,0.0006103515,0.301029924509172
489,0.0006103515,0.301029924509172
491,0,-Inf
NA,NA,NA
493,0,-Inf
NA,NA,NA
495,0,-Inf
496,0,-Inf
497,0,-Inf
498,0,-Inf
499,0.0006103515,0.301029924509172
500,0.0009155273,0.477121207283124
501,0.0006103516,0.301029995663981
502,0.0006103516,0.301029995663981
503,0.0009155273,0.477121207283124
504,0.0006103515,0.301029924509172
506,0,-Inf
507,0.0003051757,-1.4230963028421e-07
NA,NA,NA
510,0,-Inf
511,0,-Inf
513,0,-Inf
515,0.0006103515,0.301029924509172
516,0.0006103515,0.301029924509172
517,0.0009155273,0.477121207283124
518,0.0009155273,0.477121207283124
519,0.0006103516,0.301029995663981
520,0.0009155273,0.477121207283124
521,0.0006103515,0.301029924509172
523,0.0003051757,-1.4230963028421e-07
524,0,-Inf
526,0,-Inf
527,0,-Inf
528,0,-Inf
NA,NA,NA
531,0.0006103515,0.301029924509172
532,0.0003051757,-1.4230963028421e-07
533,0.0009155273,0.477121207283124
534,0.0009155273,0.477121207283124
535,0.001220703,0.602059920173153
536,0.0006103516,0.301029995663981
537,0.0009155273,0.477121207283124
538,0.0006103515,0.301029924509172
539,0.0006103515,0.301029924509172
540,0.0003051757,-1.4230963028421e-07
541,0,-Inf
NA,NA,NA
543,0,-Inf
NA,NA,NA
545,0,-Inf
546,0,-Inf
548,0.0003051757,-1.4230963028421e-07
549,0.0006103515,0.301029924509172
550,0.0009155273,0.477121207283124
551,0.0009155273,0.477121207283124
552,0.001220703,0.602059920173153
553,0.0009155273,0.477121207283124
554,0.0006103515,0.301029924509172
555,0.0009155273,0.477121207283124
NA,NA,NA
560,0,-Inf
561,0,-Inf
563,0,-Inf
565,0.0003051757,-1.4230963028421e-07
566,0.0009155273,0.477121207283124
567,0.0009155273,0.477121207283124
568,0.0009155273,0.477121207283124
569,0.001220703,0.602059920173153
570,0.0009155273,0.477121207283124
571,0.0009155273,0.477121207283124
572,0.0006103515,0.301029924509172
574,0,-Inf
575,0,-Inf
576,0,-Inf
577,0,-Inf
578,0,-Inf
579,0,-Inf
581,0,-Inf
582,0.0003051757,-1.4230963028421e-07
583,0.0009155273,0.477121207283124
584,0.0006103516,0.301029995663981
585,0.001220703,0.602059920173153
586,0.0009155273,0.477121207283124
587,0.0009155273,0.477121207283124
589,0.0006103515,0.301029924509172
590,0.0006103515,0.301029924509172
591,0,-Inf
593,0,-Inf
NA,NA,NA
NA,NA,NA
596,0,-Inf
598,0.0006103515,0.301029924509172
599,0.0006103515,0.301029924509172
600,0.0009155273,0.477121207283124
601,0.0006103515,0.301029924509172
602,0.0009155273,0.477121207283124
603,0.0009155273,0.477121207283124
604,0.0009155273,0.477121207283124
605,0.0009155273,0.477121207283124
606,0.0006103515,0.301029924509172
608,0,-Inf
610,0,-Inf
NA,NA,NA
613,0,-Inf
614,0,-Inf
615,0.0006103515,0.301029924509172
616,0.0006103515,0.301029924509172
617,0.0009155273,0.477121207283124
618,0.0009155273,0.477121207283124
619,0.0009155273,0.477121207283124
620,0.0009155273,0.477121207283124
622,0.0006103516,0.301029995663981
623,0.0006103515,0.301029924509172
624,0,-Inf
625,0,-Inf
626,0,-Inf
NA,NA,NA
628,0,-Inf
629,0,-Inf
630,0,-Inf
631,0.0006103515,0.301029924509172
633,0.0009155273,0.477121207283124
634,0.0009155273,0.477121207283124
635,0.0009155273,0.477121207283124
636,0.0009155273,0.477121207283124
637,0.0009155273,0.477121207283124
638,0.0006103515,0.301029924509172
640,0.0003051757,-1.4230963028421e-07
NA,NA,NA
642,0,-Inf
643,0,-Inf
NA,NA,NA
NA,NA,NA
647,0,-Inf
648,0.0006103515,0.301029924509172
649,0.0006103515,0.301029924509172
650,0.0009155273,0.477121207283124
651,0.0009155273,0.477121207283124
652,0.0006103516,0.301029995663981
653,0.0009155273,0.477121207283124
654,0.0006103516,0.301029995663981
655,0.0006103515,0.301029924509172
656,0.0006103515,0.301029924509172
657,0,-Inf
658,0,-Inf
659,0,-Inf
NA,NA,NA
661,0,-Inf
662,0,-Inf
664,0,-Inf
667,0.0006103515,0.301029924509172
668,0.0006103516,0.301029995663981
669,0.001220703,0.602059920173153
670,0.0009155273,0.477121207283124
671,0.0009155273,0.477121207283124
672,0.0006103515,0.301029924509172
675,0,-Inf
NA,NA,NA
677,0,-Inf
678,0,-Inf
NA,NA,NA
680,0,-Inf
682,0.0006103515,0.301029924509172
683,0.0006103515,0.301029924509172
684,0.0009155273,0.477121207283124
685,0.0009155273,0.477121207283124
686,0.0009155273,0.477121207283124
687,0.0006103515,0.301029924509172
688,0.0006103515,0.301029924509172
689,0.0006103515,0.301029924509172
690,0.0006103515,0.301029924509172
691,0,-Inf
692,0,-Inf
NA,NA,NA
NA,NA,NA
696,0,-Inf
698,0.0003051757,-1.4230963028421e-07
700,0.0006103515,0.301029924509172
701,0.0009155273,0.477121207283124
702,0.001220703,0.602059920173153
703,0.0009155273,0.477121207283124
704,0.0009155273,0.477121207283124
705,0.0009155273,0.477121207283124
706,0.0006103515,0.301029924509172
707,0,-Inf
NA,NA,NA
710,0,-Inf
NA,NA,NA
NA,NA,NA
714,0,-Inf
715,0.0006103515,0.301029924509172
716,0.0006103515,0.301029924509172
718,0.0009155273,0.477121207283124
719,0.001220703,0.602059920173153
721,0.0009155273,0.477121207283124
722,0.0006103515,0.301029924509172
724,0.0006103515,0.301029924509172
NA,NA,NA
726,0,-Inf
727,0,-Inf
NA,NA,NA
729,0,-Inf
731,0,-Inf
732,0.0006103515,0.301029924509172
733,0.0006103516,0.301029995663981
734,0.0009155273,0.477121207283124
735,0.0006103516,0.301029995663981
736,0.001220703,0.602059920173153
737,0.0009155273,0.477121207283124
739,0.0006103515,0.301029924509172
740,0,-Inf
741,0,-Inf
742,0,-Inf
NA,NA,NA
NA,NA,NA
745,0,-Inf
746,0,-Inf
748,0.0006103515,0.301029924509172
749,0.0003051757,-1.4230963028421e-07
751,0.0006103515,0.301029924509172
752,0.0006103516,0.301029995663981
753,0.0009155273,0.477121207283124
755,0.0006103515,0.301029924509172
756,0.0006103515,0.301029924509172
757,0,-Inf
759,0,-Inf
NA,NA,NA
NA,NA,NA
763,0,-Inf
765,0,-Inf
766,0.0009155273,0.477121207283124
767,0.0009155273,0.477121207283124
768,0.0009155273,0.477121207283124
769,0.001220703,0.602059920173153
770,0.0006103515,0.301029924509172
773,0.0003051757,-1.4230963028421e-07
775,0,-Inf
776,0,-Inf
777,0,-Inf
NA,NA,NA
NA,NA,NA
781,0.0006103515,0.301029924509172
782,0.0006103515,0.301029924509172
783,0.0009155273,0.477121207283124
784,0.0006103515,0.301029924509172
785,0.0009155273,0.477121207283124
786,0.0009155273,0.477121207283124
787,0.0009155273,0.477121207283124
788,0.0009155273,0.477121207283124
790,0.0006103515,0.301029924509172
791,0,-Inf
792,0,-Inf
NA,NA,NA
NA,NA,NA
795,0,-Inf
796,0,-Inf
798,0.0006103515,0.301029924509172
799,0.0006103515,0.301029924509172
800,0.0009155273,0.477121207283124
801,0.0006103515,0.301029924509172
802,0.0009155273,0.477121207283124
803,0.0009155273,0.477121207283124
804,0.0009155273,0.477121207283124
806,0.0006103515,0.301029924509172
807,0,-Inf
NA,NA,NA
810,0,-Inf
NA,NA,NA
NA,NA,NA
813,0,-Inf
815,0.0006103515,0.301029924509172
816,0.0009155273,0.477121207283124
817,0.0009155273,0.477121207283124
818,0.0009155273,0.477121207283124
819,0.0006103516,0.301029995663981
820,0.0012207033,0.602060026905363
821,0.0006103515,0.301029924509172
822,0.0006103515,0.301029924509172
824,0,-Inf
NA,NA,NA
826,0,-Inf
NA,NA,NA
NA,NA,NA
829,0,-Inf
830,0,-Inf
831,0.0006103515,0.301029924509172
833,0.0006103515,0.301029924509172
834,0.0009155273,0.477121207283124
835,0.0006103516,0.301029995663981
836,0.0009155273,0.477121207283124
837,0.0006103515,0.301029924509172
839,0.0006103515,0.301029924509172
841,0,-Inf
842,0,-Inf
NA,NA,NA
846,0,-Inf
848,0,-Inf
850,0.0006103515,0.301029924509172
851,0.0009155273,0.477121207283124
852,0.0009155273,0.477121207283124
853,0.0009155273,0.477121207283124
854,0.0006103515,0.301029924509172
855,0.0006103515,0.301029924509172
856,0.0006103515,0.301029924509172
857,0,-Inf
858,0,-Inf
NA,NA,NA
860,0,-Inf
861,0,-Inf
NA,NA,NA
863,0,-Inf
864,0.0003051757,-1.4230963028421e-07
865,0.0003051757,-1.4230963028421e-07
866,0.0009155273,0.477121207283124
867,0.0006103515,0.301029924509172
868,0.0006103516,0.301029995663981
869,0.0009155273,0.477121207283124
870,0.0006103515,0.301029924509172
872,0.0006103515,0.301029924509172
873,0,-Inf
NA,NA,NA
NA,NA,NA
877,0,-Inf
NA,NA,NA
NA,NA,NA
881,0,-Inf
882,0.0006103515,0.301029924509172
883,0.0006103515,0.301029924509172
884,0.0009155273,0.477121207283124
885,0.0006103516,0.301029995663981
886,0.001220703,0.602059920173153
887,0.0006103515,0.301029924509172
888,0.0006103515,0.301029924509172
889,0.0006103515,0.301029924509172
892,0,-Inf
NA,NA,NA
894,0,-Inf
NA,NA,NA
896,0,-Inf
897,0,-Inf
898,0.0006103515,0.301029924509172
900,0.0009155273,0.477121207283124
901,0.0009155273,0.477121207283124
902,0.0009155273,0.477121207283124
904,0.0006103515,0.301029924509172
905,0.0006103515,0.301029924509172
906,0.0006103515,0.301029924509172
907,0.0003051757,-1.4230963028421e-07
NA,NA,NA
909,0,-Inf
NA,NA,NA
911,0,-Inf
NA,NA,NA
914,0,-Inf
915,0.0006103515,0.301029924509172
916,0.0006103515,0.301029924509172
918,0.0009155273,0.477121207283124
919,0.0009155273,0.477121207283124
920,0.0009155273,0.477121207283124
921,0.0006103515,0.301029924509172
922,0.0006103515,0.301029924509172
924,0,-Inf
NA,NA,NA
927,0,-Inf
NA,NA,NA
930,0,-Inf
932,0.0006103515,0.301029924509172
933,0.0006103515,0.301029924509172
934,0.0009155273,0.477121207283124
935,0.0006103516,0.301029995663981
936,0.0006103516,0.301029995663981
937,0.0006103515,0.301029924509172
938,0.0009155273,0.477121207283124
939,0.0006103515,0.301029924509172
940,0,-Inf
941,0,-Inf
NA,NA,NA
NA,NA,NA
NA,NA,NA
945,0,-Inf
946,0,-Inf
948,0.0003051757,-1.4230963028421e-07
949,0.0006103515,0.301029924509172
950,0.0006103515,0.301029924509172
951,0.0009155273,0.477121207283124
952,0.0009155273,0.477121207283124
953,0.0009155273,0.477121207283124
954,0.0006103515,0.301029924509172
955,0.0006103515,0.301029924509172
957,0,-Inf
958,0,-Inf
959,0,-Inf
NA,NA,NA
961,0,-Inf
NA,NA,NA
963,0,-Inf
965,0.0006103515,0.301029924509172
966,0.0009155273,0.477121207283124
967,0.0006103515,0.301029924509172
968,0.0006103516,0.301029995663981
969,0.0009155273,0.477121207283124
970,0.0006103515,0.301029924509172
971,0.0006103515,0.301029924509172
972,0.0006103515,0.301029924509172
974,0,-Inf
NA,NA,NA
976,0,-Inf
NA,NA,NA
979,0,-Inf
981,0.0003051757,-1.4230963028421e-07
983,0.0006103515,0.301029924509172
984,0.0009155273,0.477121207283124
985,0.001220703,0.602059920173153
986,0.0006103516,0.301029995663981
987,0.0009155273,0.477121207283124
988,0.0006103515,0.301029924509172
989,0.0006103515,0.301029924509172
991,0,-Inf
992,0,-Inf
993,0,-Inf
994,0,-Inf
NA,NA,NA
997,0,-Inf
999,0.0006103515,0.301029924509172
1000,0.0009155273,0.477121207283124
1001,0.0009155273,0.477121207283124
1002,0.0009155273,0.477121207283124
1003,0.0009155273,0.477121207283124
1004,0.0006103515,0.301029924509172
1005,0.0006103515,0.301029924509172
1007,0.0003051757,-1.4230963028421e-07
1008,0,-Inf
NA,NA,NA
1011,0,-Inf
NA,NA,NA
1015,0.0006103515,0.301029924509172
1016,0.0006103515,0.301029924509172
1017,0.0006103516,0.301029995663981
1018,0.0009155273,0.477121207283124
1019,0.0009155273,0.477121207283124
1020,0.0009155273,0.477121207283124
1021,0.0006103515,0.301029924509172
1022,0.0006103515,0.301029924509172
1023,0,-Inf
1025,0,-Inf
1027,0,-Inf
NA,NA,NA
1029,0.0003051757,-1.4230963028421e-07
1030,0,-Inf
1032,0.0006103515,0.301029924509172
1033,0.0006103515,0.301029924509172
1034,0.0009155273,0.477121207283124
1035,0.0009155273,0.477121207283124
1036,0.0006103516,0.301029995663981
1037,0.0009155273,0.477121207283124
1038,0.0006103515,0.301029924509172
1039,0.0006103515,0.301029924509172
1040,0,-Inf
1042,0,-Inf
1043,0,-Inf
NA,NA,NA
1045,0,-Inf
1046,0,-Inf
1048,0,-Inf
1049,0.0006103515,0.301029924509172
1050,0.0006103515,0.301029924509172
1051,0.0009155273,0.477121207283124
1052,0.001220703,0.602059920173153
1053,0.0006103516,0.301029995663981
1054,0.0009155273,0.477121207283124
1055,0.0006103515,0.301029924509172
1056,0.0006103515,0.301029924509172
1057,0,-Inf
1059,0,-Inf
NA,NA,NA
NA,NA,NA
1063,0,-Inf
1064,0,-Inf
1066,0.0006103515,0.301029924509172
1067,0.0009155273,0.477121207283124
1068,0.0006103516,0.301029995663981
1069,0.001220703,0.602059920173153
1070,0.0006103516,0.301029995663981
1071,0.0006103515,0.301029924509172
1073,0.0006103515,0.301029924509172
1074,0,-Inf
NA,NA,NA
1077,0,-Inf
1078,0,-Inf
NA,NA,NA
1081,0.0003051757,-1.4230963028421e-07
1082,0.0006103515,0.301029924509172
1083,0.0006103515,0.301029924509172
1084,0.0009155273,0.477121207283124
1085,0.0009155273,0.477121207283124
1086,0.0006103516,0.301029995663981
1087,0.0006103515,0.301029924509172
1088,0.0009155273,0.477121207283124
1090,0.0006103515,0.301029924509172
NA,NA,NA
1092,0,-Inf
NA,NA,NA
1094,0,-Inf
NA,NA,NA
1096,0,-Inf
NA,NA,NA
1098,0.0006103515,0.301029924509172
1099,0.0006103515,0.301029924509172
1100,0.0006103516,0.301029995663981
1101,0.0009155273,0.477121207283124
1102,0.0009155273,0.477121207283124
1103,0.0006103516,0.301029995663981
1104,0.0006103515,0.301029924509172
1106,0.0006103515,0.301029924509172
1107,0,-Inf
NA,NA,NA
NA,NA,NA
1110,0,-Inf
1111,0,-Inf
1112,0,-Inf
1116,0.0006103515,0.301029924509172
1117,0.0006103515,0.301029924509172
1118,0.0006103516,0.301029995663981
1119,0.0009155273,0.477121207283124
1120,0.0009155273,0.477121207283124
1121,0.0006103515,0.301029924509172
1122,0.0006103515,0.301029924509172
1123,0.0006103515,0.301029924509172
1125,0,-Inf
NA,NA,NA
1127,0,-Inf
NA,NA,NA
1130,0,-Inf
1132,0.0006103515,0.301029924509172
1133,0.0009155273,0.477121207283124
1134,0.0006103516,0.301029995663981
1135,0.0009155273,0.477121207283124
1136,0.0006103516,0.301029995663981
1137,0.0009155273,0.477121207283124
1139,0.0006103515,0.301029924509172
1140,0.0006103515,0.301029924509172
NA,NA,NA
NA,NA,NA
NA,NA,NA
1144,0,-Inf
NA,NA,NA
1146,0,-Inf
NA,NA,NA
1148,0.0006103515,0.301029924509172
1149,0.0006103515,0.301029924509172
1150,0.0009155273,0.477121207283124
1151,0.0009155273,0.477121207283124
1152,0.0006103516,0.301029995663981
1153,0.0009155273,0.477121207283124
1155,0.0006103515,0.301029924509172
1156,0.0006103515,0.301029924509172
1157,0,-Inf
1158,0,-Inf
NA,NA,NA
NA,NA,NA
NA,NA,NA
1163,0,-Inf
1165,0.0006103515,0.301029924509172
1166,0.0009155273,0.477121207283124
1167,0.0006103515,0.301029924509172
1168,0.0009155273,0.477121207283124
1169,0.001220703,0.602059920173153
1170,0.0006103515,0.301029924509172
1171,0.0009155273,0.477121207283124
1173,0.0003051757,-1.4230963028421e-07
1175,0,-Inf
1176,0,-Inf
NA,NA,NA
NA,NA,NA
1180,0,-Inf
1181,0.0006103515,0.301029924509172
1183,0.0006103515,0.301029924509172
1184,0.0009155273,0.477121207283124
1185,0.001220703,0.602059920173153
1186,0.0006103516,0.301029995663981
1187,0.0006103515,0.301029924509172
1188,0.0006103515,0.301029924509172
1189,0.0006103515,0.301029924509172
1190,0.0006103515,0.301029924509172
1191,0,-Inf
1192,0,-Inf
1193,0,-Inf
1194,0,-Inf
NA,NA,NA
NA,NA,NA
1197,0,-Inf
1198,0.0003051757,-1.4230963028421e-07
1199,0.0006103515,0.301029924509172
1200,0.0009155273,0.477121207283124
1201,0.0009155273,0.477121207283124
1202,0.0009155273,0.477121207283124
1203,0.0006103515,0.301029924509172
1204,0.0009155273,0.477121207283124
1205,0.0006103515,0.301029924509172
1206,0.0006103515,0.301029924509172
1207,0,-Inf
1209,0,-Inf
1210,0,-Inf
NA,NA,NA
1212,0,-Inf
NA,NA,NA
1214,0.0006103515,0.301029924509172
1215,0.0003051757,-1.4230963028421e-07
1216,0.0006103516,0.301029995663981
1217,0.0009155273,0.477121207283124
1218,0.0006103516,0.301029995663981
1219,0.0006103516,0.301029995663981
1220,0.0009155273,0.477121207283124
1221,0.0006103516,0.301029995663981
1222,0.0006103515,0.301029924509172
1223,0,-Inf
1225,0,-Inf
1226,0,-Inf
NA,NA,NA
1228,0,-Inf
1229,0,-Inf
1230,0,-Inf
1232,0.0006103515,0.301029924509172
1233,0.0009155273,0.477121207283124
1234,0.0006103515,0.301029924509172
1235,0.0006103516,0.301029995663981
1236,0.0009155273,0.477121207283124
1237,0.0009155273,0.477121207283124
1238,0.0006103515,0.301029924509172
1239,0.0003051757,-1.4230963028421e-07
1240,0.0003051757,-1.4230963028421e-07
1242,0,-Inf
1244,0,-Inf
1245,0,-Inf
NA,NA,NA
1248,0,-Inf
1249,0.0006103515,0.301029924509172
1250,0.0009155273,0.477121207283124
1251,0.0006103516,0.301029995663981
1253,0.0009155273,0.477121207283124
1254,0.0009155273,0.477121207283124
1255,0.0006103515,0.301029924509172
1257,0.0006103515,0.301029924509172
NA,NA,NA
NA,NA,NA
1260,0,-Inf
1261,0,-Inf
1262,0,-Inf
NA,NA,NA
1265,0.0006103515,0.301029924509172
1266,0.0006103515,0.301029924509172
1267,0.0009155273,0.477121207283124
1268,0.0009155273,0.477121207283124
1269,0.0006103516,0.301029995663981
1270,0.0009155273,0.477121207283124
1271,0.0009155273,0.477121207283124
1272,0.0006103515,0.301029924509172
1273,0.0003051757,-1.4230963028421e-07
1275,0,-Inf
1276,0,-Inf
1277,0,-Inf
NA,NA,NA
1279,0,-Inf
1280,0,-Inf
1282,0.0003051757,-1.4230963028421e-07
1283,0.0006103515,0.301029924509172
1284,0.0009155273,0.477121207283124
1285,0.0009155273,0.477121207283124
1286,0.0009155273,0.477121207283124
1287,0.0006103515,0.301029924509172
1288,0.0006103515,0.301029924509172
1289,0.0006103515,0.301029924509172
1290,0.0006103515,0.301029924509172
1291,0,-Inf
NA,NA,NA
1293,0,-Inf
1294,0,-Inf
1295,0,-Inf
1296,0,-Inf
1297,0,-Inf
1300,0.0006103515,0.301029924509172
1301,0.0009155273,0.477121207283124
1302,0.0009155273,0.477121207283124
1303,0.0009155273,0.477121207283124
1307,0,-Inf
NA,NA,NA
NA,NA,NA
NA,NA,NA
NA,NA,NA
1312,0,-Inf
1313,0,-Inf
1314,0,-Inf
1315,0,-Inf
1316,0.0006103515,0.301029924509172
1317,0.0009155273,0.477121207283124
1318,0.0006103516,0.301029995663981
1319,0.0006103516,0.301029995663981
1320,0.0009155273,0.477121207283124
1321,0.0006103515,0.301029924509172
1322,0.0006103515,0.301029924509172
1324,0,-Inf
NA,NA,NA
1326,0,-Inf
NA,NA,NA
1328,0,-Inf
1329,0,-Inf
1330,0,-Inf
1332,0.0003051757,-1.4230963028421e-07
1333,0.0009155273,0.477121207283124
1334,0.0009155273,0.477121207283124
1335,0.0006103516,0.301029995663981
1336,0.001220703,0.602059920173153
1337,0.0006103515,0.301029924509172
1338,0.0006103515,0.301029924509172
1339,0.0006103515,0.301029924509172
1341,0,-Inf
1342,0,-Inf
1343,0,-Inf
NA,NA,NA
NA,NA,NA
1348,0.0003051757,-1.4230963028421e-07
1350,0.0009155273,0.477121207283124
1351,0.0009155273,0.477121207283124
1352,0.0009155273,0.477121207283124
1353,0.0006103516,0.301029995663981
1355,0.0009155273,0.477121207283124
1356,0.0006103515,0.301029924509172
1357,0,-Inf
1358,0,-Inf
1359,0,-Inf
1360,0,-Inf
1361,0,-Inf
1362,0,-Inf
1363,0,-Inf
1364,0,-Inf
1366,0.0006103515,0.301029924509172
1367,0.0006103515,0.301029924509172
1368,0.0009155273,0.477121207283124
1369,0.0009155273,0.477121207283124
1370,0.0006103515,0.301029924509172
1371,0.0009155273,0.477121207283124
1372,0.0006103515,0.301029924509172
1374,0,-Inf
1376,0,-Inf
NA,NA,NA
NA,NA,NA
1382,0.0006103515,0.301029924509172
1383,0.0006103515,0.301029924509172
1384,0.0009155273,0.477121207283124
1385,0.0006103516,0.301029995663981
1386,0.0009155273,0.477121207283124
1387,0.0006103516,0.301029995663981
1388,0.0006103515,0.301029924509172
1389,0.0006103515,0.301029924509172
1391,0,-Inf
NA,NA,NA
1393,0,-Inf
NA,NA,NA
1395,0,-Inf
NA,NA,NA
1399,0.0006103515,0.301029924509172
1400,0.0009155273,0.477121207283124
1401,0.0006103516,0.301029995663981
1402,0.0009155273,0.477121207283124
1403,0.0009155273,0.477121207283124
1404,0.0006103515,0.301029924509172
1406,0.0006103515,0.301029924509172
NA,NA,NA
1409,0,-Inf
NA,NA,NA
NA,NA,NA
NA,NA,NA
NA,NA,NA
1415,0.0003051757,-1.4230963028421e-07
1416,0.0009155273,0.477121207283124
1417,0.0006103515,0.301029924509172
1418,0.0009155273,0.477121207283124
1419,0.001220703,0.602059920173153
1420,0.0006103516,0.301029995663981
1421,0.0006103515,0.301029924509172
1423,0.0003051757,-1.4230963028421e-07
1425,0,-Inf
NA,NA,NA
NA,NA,NA
NA,NA,NA
NA,NA,NA
1431,0,-Inf
1432,0.0006103515,0.301029924509172
1433,0.0006103515,0.301029924509172
1434,0.0009155273,0.477121207283124
1435,0.0009155273,0.477121207283124
1436,0.0009155273,0.477121207283124
1437,0.0006103515,0.301029924509172
1438,0.0009155273,0.477121207283124
1440,0.0003051757,-1.4230963028421e-07
1442,0,-Inf
NA,NA,NA
1444,0,-Inf
NA,NA,NA
1446,0,-Inf
1447,0,-Inf
1448,0.0006103515,0.301029924509172
1449,0.0006103515,0.301029924509172
1450,0.0009155273,0.477121207283124
1451,0.0006103516,0.301029995663981
1452,0.0009155273,0.477121207283124
1453,0.0009155273,0.477121207283124
1454,0.0006103515,0.301029924509172
1455,0.0006103516,0.301029995663981
1457,0.0003051757,-1.4230963028421e-07
1458,0,-Inf
NA,NA,NA
NA,NA,NA
1461,0,-Inf
1462,0,-Inf
1463,0,-Inf
1464,0,-Inf
1465,0.0006103515,0.301029924509172
1466,0.0006103515,0.301029924509172
1467,0.0009155273,0.477121207283124
1468,0.0009155273,0.477121207283124
1469,0.0009155273,0.477121207283124
1471,0.0006103516,0.301029995663981
1472,0.0006103515,0.301029924509172
1473,0,-Inf
NA,NA,NA
NA,NA,NA
NA,NA,NA
1479,0,-Inf
NA,NA,NA
1481,0.0003051757,-1.4230963028421e-07
1482,0.0006103515,0.301029924509172
1483,0.0006103516,0.301029995663981
1484,0.0009155273,0.477121207283124
1485,0.0009155273,0.477121207283124
1486,0.0009155273,0.477121207283124
1487,0.0009155273,0.477121207283124
1488,0.0009155273,0.477121207283124
1490,0,-Inf
NA,NA,NA
1492,0,-Inf
NA,NA,NA
NA,NA,NA
NA,NA,NA
1496,0,-Inf
1497,0,-Inf
1498,0,-Inf
1500,0.0009155273,0.477121207283124
1501,0.0006103516,0.301029995663981
1502,0.0009155273,0.477121207283124
1503,0.0009155273,0.477121207283124
1504,0.0006103515,0.301029924509172
1507,0.0006103515,0.301029924509172
1508,0,-Inf
1509,0,-Inf
1510,0,-Inf
1511,0,-Inf
NA,NA,NA
1513,0,-Inf
1514,0,-Inf
1515,0.0006103515,0.301029924509172
1516,0.0006103515,0.301029924509172
1517,0.0006103515,0.301029924509172
1519,0.0009155273,0.477121207283124
1520,0.0009155273,0.477121207283124
1521,0.0006103515,0.301029924509172
1522,0.0006103515,0.301029924509172
1524,0,-Inf
1525,0,-Inf
NA,NA,NA
NA,NA,NA
NA,NA,NA
NA,NA,NA
1532,0.0006103515,0.301029924509172
1533,0.0006103515,0.301029924509172
1534,0.0009155273,0.477121207283124
1535,0.0006103516,0.301029995663981
1536,0.001220703,0.602059920173153
1537,0.0009155273,0.477121207283124
1540,0.0006103515,0.301029924509172
1541,0,-Inf
NA,NA,NA
NA,NA,NA
1544,0,-Inf
1545,0,-Inf
NA,NA,NA
1548,0.0006103515,0.301029924509172
1549,0.0006103515,0.301029924509172
1550,0.0006103515,0.301029924509172
1551,0.0009155273,0.477121207283124
1552,0.0009155273,0.477121207283124
1553,0.0006103516,0.301029995663981
1554,0.0006103515,0.301029924509172
1555,0.0006103515,0.301029924509172
1556,0.0006103515,0.301029924509172
1557,0.0006103515,0.301029924509172
1558,0,-Inf
NA,NA,NA
1560,0,-Inf
1561,0,-Inf
NA,NA,NA
1563,0,-Inf
1566,0.0006103515,0.301029924509172
1567,0.0009155273,0.477121207283124
1568,0.0009155273,0.477121207283124
1569,0.0006103516,0.301029995663981
1570,0.0009155273,0.477121207283124
1571,0.0006103515,0.301029924509172
1572,0.0003051757,-1.4230963028421e-07
1574,0.0003051757,-1.4230963028421e-07
1575,0,-Inf
1576,0,-Inf
1577,0,-Inf
1578,0,-Inf
1579,0,-Inf
1583,0.0006103515,0.301029924509172
1584,0.0009155273,0.477121207283124
1585,0.0006103516,0.301029995663981
1586,0.0009155273,0.477121207283124
1587,0.0009155273,0.477121207283124
1588,0.0009155273,0.477121207283124
1590,0.0003051757,-1.4230963028421e-07
NA,NA,NA
1593,0,-Inf
1594,0,-Inf
1595,0,-Inf
1596,0,-Inf
1599,0.0006103515,0.301029924509172
1600,0.0009155273,0.477121207283124
1601,0.0009155273,0.477121207283124
1602,0.001220703,0.602059920173153
1603,0.0009155273,0.477121207283124
1604,0.0006103516,0.301029995663981
1605,0.0006103515,0.301029924509172
1606,0.0006103515,0.301029924509172
1607,0.0006103515,0.301029924509172
1608,0,-Inf
NA,NA,NA
1610,0,-Inf
NA,NA,NA
NA,NA,NA
1613,0,-Inf
1614,0.0003051757,-1.4230963028421e-07
1615,0,-Inf
1616,0.0009155273,0.477121207283124
1617,0.0009155273,0.477121207283124
1618,0.0009155273,0.477121207283124
1619,0.0009155273,0.477121207283124
1620,0.0009155273,0.477121207283124
1621,0.0006103515,0.301029924509172
1622,0.0006103515,0.301029924509172
1625,0,-Inf
NA,NA,NA
1627,0,-Inf
NA,NA,NA
1629,0,-Inf
1630,0,-Inf
1631,0,-Inf
1632,0.0006103515,0.301029924509172
1633,0.0009155273,0.477121207283124
1634,0.0009155273,0.477121207283124
1635,0.0006103516,0.301029995663981
1636,0.0009155273,0.477121207283124
1637,0.0009155273,0.477121207283124
1638,0.0006103515,0.301029924509172
1639,0.0006103515,0.301029924509172
NA,NA,NA
NA,NA,NA
1643,0,-Inf
NA,NA,NA
1645,0,-Inf
1646,0,-Inf
1647,0.0003051757,-1.4230963028421e-07
1648,0.0006103515,0.301029924509172
1649,0.0006103515,0.301029924509172
1650,0.0009155273,0.477121207283124
1651,0.0009155273,0.477121207283124
1652,0.0009155273,0.477121207283124
1653,0.0006103516,0.301029995663981
1654,0.0006103515,0.301029924509172
1655,0.0009155273,0.477121207283124
1657,0.0003051757,-1.4230963028421e-07
NA,NA,NA
NA,NA,NA
1660,0,-Inf
1661,0,-Inf
1662,0,-Inf
1663,0,-Inf
1664,0.0003051757,-1.4230963028421e-07
1665,0.0003051757,-1.4230963028421e-07
1667,0.0009155273,0.477121207283124
1668,0.0009155273,0.477121207283124
1669,0.0006103516,0.301029995663981
1670,0.0009155273,0.477121207283124
1671,0.0009155273,0.477121207283124
1672,0.0006103515,0.301029924509172
NA,NA,NA
1675,0,-Inf
NA,NA,NA
NA,NA,NA
NA,NA,NA
1679,0,-Inf
1680,0,-Inf
1681,0.0003051757,-1.4230963028421e-07
1683,0.0009155273,0.477121207283124
1684,0.0006103515,0.301029924509172
1685,0.0006103516,0.301029995663981
1686,0.0006103516,0.301029995663981
1687,0.0009155273,0.477121207283124
1688,0.0006103515,0.301029924509172
1690,0.0003051757,-1.4230963028421e-07
1691,0,-Inf
1693,0,-Inf
NA,NA,NA
NA,NA,NA
1696,0,-Inf
1699,0.0006103515,0.301029924509172
1700,0.0009155273,0.477121207283124
1701,0.0009155273,0.477121207283124
1702,0.0009155273,0.477121207283124
1703,0.0009155273,0.477121207283124
1704,0.0006103515,0.301029924509172
1705,0.0009155273,0.477121207283124
1706,0,-Inf
1707,0,-Inf
NA,NA,NA
1710,0,-Inf
1711,0,-Inf
1712,0,-Inf
1713,0,-Inf
1714,0,-Inf
1715,0.0006103516,0.301029995663981
1717,0.0009155273,0.477121207283124
1718,0.0009155273,0.477121207283124
1719,0.0006103516,0.301029995663981
1720,0.0009155273,0.477121207283124
1721,0.0009155273,0.477121207283124
1722,0.0006103515,0.301029924509172
1723,0,-Inf
1724,0.0006103515,0.301029924509172
1725,0,-Inf
NA,NA,NA
1727,0,-Inf
1729,0,-Inf
1730,0,-Inf
1731,0.0003051757,-1.4230963028421e-07
1732,0.0006103515,0.301029924509172
1733,0.0006103515,0.301029924509172
1734,0.0006103515,0.301029924509172
1735,0.0006103516,0.301029995663981
1736,0.0009155273,0.477121207283124
1737,0.0009155273,0.477121207283124
1738,0.0006103516,0.301029995663981
1739,0.0006103515,0.301029924509172
1740,0.0006103515,0.301029924509172
1743,0,-Inf
1744,0,-Inf
NA,NA,NA
1747,0,-Inf
1749,0.0006103515,0.301029924509172
1750,0.0006103515,0.301029924509172
1751,0.0006103516,0.301029995663981
1753,0.0009155273,0.477121207283124
1754,0.0006103515,0.301029924509172
1755,0.0006103515,0.301029924509172
1758,0,-Inf
1760,0,-Inf
NA,NA,NA
1762,0,-Inf
1766,0.0006103515,0.301029924509172
1767,0.0006103516,0.301029995663981
1768,0.0006103516,0.301029995663981
1769,0.0006103516,0.301029995663981
1770,0.0009155273,0.477121207283124
1772,0.0006103515,0.301029924509172
1773,0.0006103515,0.301029924509172
NA,NA,NA
1776,0,-Inf
1777,0,-Inf
1778,0,-Inf
1779,0,-Inf
1780,0,-Inf
1784,0.0009155273,0.477121207283124
1785,0.001220703,0.602059920173153
1786,0.0009155273,0.477121207283124
1787,0.0006103516,0.301029995663981
1788,0.0009155273,0.477121207283124
1790,0.0006103515,0.301029924509172
1791,0,-Inf
NA,NA,NA
1793,0,-Inf
1794,0,-Inf
NA,NA,NA
NA,NA,NA
1798,0.0006103515,0.301029924509172
1801,0.0006103516,0.301029995663981
1802,0.0006103516,0.301029995663981
1803,0.0009155273,0.477121207283124
1804,0.0006103515,0.301029924509172
1805,0.0009155273,0.477121207283124
1806,0.0006103515,0.301029924509172
1807,0.0006103515,0.301029924509172
1808,0,-Inf
1809,0,-Inf
1810,0,-Inf
NA,NA,NA
1812,0,-Inf
1813,0,-Inf
1816,0.0006103515,0.301029924509172
1817,0.0006103516,0.301029995663981
1818,0.0006103516,0.301029995663981
1819,0.0009155273,0.477121207283124
1820,0.0009155273,0.477121207283124
1822,0.0006103515,0.301029924509172
1823,0.0006103515,0.301029924509172
1825,0,-Inf
1826,0,-Inf
NA,NA,NA
1828,0,-Inf
1829,0,-Inf
1831,0,-Inf
1832,0.0006103515,0.301029924509172
1833,0.0009155273,0.477121207283124
1834,0,-Inf
1835,0.0009155273,0.477121207283124
1836,0.0006103516,0.301029995663981
1837,0.0006103515,0.301029924509172
1838,0.0006103515,0.301029924509172
1839,0.0006103515,0.301029924509172
1842,0,-Inf
NA,NA,NA
1844,0,-Inf
NA,NA,NA
1847,0,-Inf
1849,0.0006103515,0.301029924509172
1850,0.0006103515,0.301029924509172
1851,0.0006103516,0.301029995663981
1852,0.001220703,0.602059920173153
1853,0.001220703,0.602059920173153
1854,0.0006103515,0.301029924509172
1855,0.0006103515,0.301029924509172
1856,0.0006103515,0.301029924509172
1857,0,-Inf
1858,0,-Inf
NA,NA,NA
NA,NA,NA
1862,0,-Inf
1863,0,-Inf
1865,0.0006103515,0.301029924509172
1866,0.0006103515,0.301029924509172
1867,0.0006103516,0.301029995663981
1868,0.0009155273,0.477121207283124
1869,0.0009155273,0.477121207283124
1871,0.0006103515,0.301029924509172
1872,0.0009155273,0.477121207283124
1874,0.0003051757,-1.4230963028421e-07
1875,0,-Inf
1876,0,-Inf
NA,NA,NA
1878,0,-Inf
1879,0,-Inf
NA,NA,NA
1881,0.0006103515,0.301029924509172
1883,0.0006103515,0.301029924509172
1884,0.0006103515,0.301029924509172
1885,0.001220703,0.602059920173153
1886,0.0006103516,0.301029995663981
1888,0.0009155273,0.477121207283124
1889,0.0006103515,0.301029924509172
NA,NA,NA
1892,0,-Inf
1893,0,-Inf
NA,NA,NA
NA,NA,NA
1897,0,-Inf
1898,0.0006103515,0.301029924509172
1899,0.0006103515,0.301029924509172
1901,0.0009155273,0.477121207283124
1902,0.001220703,0.602059920173153
1903,0.0006103515,0.301029924509172
1905,0.0006103515,0.301029924509172
1906,0.0006103515,0.301029924509172
NA,NA,NA
1909,0,-Inf
1910,0,-Inf
NA,NA,NA
NA,NA,NA
1913,0,-Inf
1915,0.0006103515,0.301029924509172
1916,0.0006103515,0.301029924509172
1917,0.0009155273,0.477121207283124
1918,0.0006103515,0.301029924509172
1919,0.0009155273,0.477121207283124
1920,0.0009155273,0.477121207283124
1921,0.0006103515,0.301029924509172
1922,0.0006103515,0.301029924509172
1923,0.0006103515,0.301029924509172
NA,NA,NA
1927,0,-Inf
NA,NA,NA
1929,0,-Inf
NA,NA,NA
1931,0.0003051757,-1.4230963028421e-07
1932,0.0006103515,0.301029924509172
1933,0.0006103515,0.301029924509172
1934,0.0006103516,0.301029995663981
1935,0.0006103516,0.301029995663981
1936,0.0006103516,0.301029995663981
1937,0.0006103515,0.301029924509172
1938,0.0006103515,0.301029924509172
1939,0.0006103515,0.301029924509172
1940,0.0006103515,0.301029924509172
1942,0,-Inf
NA,NA,NA
1944,0,-Inf
1945,0,-Inf
NA,NA,NA
1947,0,-Inf
1948,0.0006103515,0.301029924509172
1949,0,-Inf
1950,0.0009155273,0.477121207283124
1951,0.0009155273,0.477121207283124
1952,0.0006103516,0.301029995663981
1953,0.0009155273,0.477121207283124
1954,0.0006103515,0.301029924509172
1956,0.0006103515,0.301029924509172
1957,0.0006103515,0.301029924509172
1958,0,-Inf
1959,0,-Inf
1960,0,-Inf
1961,0,-Inf
1962,0,-Inf
1963,0,-Inf
1965,0.0006103515,0.301029924509172
1966,0.0006103515,0.301029924509172
1967,0.0009155273,0.477121207283124
1968,0.0006103516,0.301029995663981
1969,0.0006103516,0.301029995663981
1970,0.0006103516,0.301029995663981
1971,0.0009155273,0.477121207283124
1972,0.0003051757,-1.4230963028421e-07
1975,0,-Inf
1976,0,-Inf
1977,0,-Inf
1978,0,-Inf
1979,0,-Inf
1981,0,-Inf
1983,0.0009155273,0.477121207283124
1984,0.0009155273,0.477121207283124
1985,0.0006103516,0.301029995663981
1986,0.0009155273,0.477121207283124
1987,0.0009155273,0.477121207283124
1988,0.0006103515,0.301029924509172
1990,0.0006103515,0.301029924509172
1991,0,-Inf
NA,NA,NA
1993,0,-Inf
1994,0,-Inf
NA,NA,NA
1996,0,-Inf
1997,0,-Inf
2000,0.0006103515,0.301029924509172
2001,0.0009155273,0.477121207283124
2002,0.0006103516,0.301029995663981
2004,0.0006103515,0.301029924509172
2005,0.0006103515,0.301029924509172
2006,0,-Inf
NA,NA,NA
NA,NA,NA
2010,0,-Inf
2011,0,-Inf
2012,0,-Inf
2014,0.0003051757,-1.4230963028421e-07
2015,0.0006103515,0.301029924509172
2017,0.0009155273,0.477121207283124
2018,0.0006103516,0.301029995663981
2019,0.0009155273,0.477121207283124
2020,0.0006103515,0.301029924509172
2021,0.0009155273,0.477121207283124
2022,0.0006103515,0.301029924509172
2023,0.0003051757,-1.4230963028421e-07
2024,0,-Inf
2026,0,-Inf
NA,NA,NA
2028,0,-Inf
2029,0,-Inf
2030,0,-Inf
2032,0.0006103515,0.301029924509172
2034,0.0009155273,0.477121207283124
2035,0.001220703,0.602059920173153
2036,0.0009155273,0.477121207283124
2037,0.0006103515,0.301029924509172
2038,0.0006103515,0.301029924509172
2039,0.0006103515,0.301029924509172
2040,0.0006103515,0.301029924509172
NA,NA,NA
2043,0,-Inf
NA,NA,NA
2045,0,-Inf
2046,0,-Inf
2047,0,-Inf
2050,0.0009155273,0.477121207283124
2052,0.0006103516,0.301029995663981
2053,0.001220703,0.602059920173153
2054,0.0009155273,0.477121207283124
2055,0.0006103515,0.301029924509172
2056,0.0006103515,0.301029924509172
2058,0,-Inf
2059,0,-Inf
2060,0,-Inf
NA,NA,NA
2062,0,-Inf
2063,0,-Inf
2065,0,-Inf
2066,0.0006103515,0.301029924509172
2067,0.0006103515,0.301029924509172
2068,0.0006103516,0.301029995663981
2069,0.001220703,0.602059920173153
2070,0.0009155273,0.477121207283124
2071,0.0006103515,0.301029924509172
2072,0.0006103515,0.301029924509172
2074,0.0003051757,-1.4230963028421e-07
NA,NA,NA
2076,0,-Inf
2077,0,-Inf
2078,0,-Inf
NA,NA,NA
2083,0.0006103515,0.301029924509172
2084,0.0006103516,0.301029995663981
2085,0.0009155273,0.477121207283124
2086,0.001220703,0.602059920173153
2087,0.0006103515,0.301029924509172
2088,0.0006103515,0.301029924509172
2089,0.0006103515,0.301029924509172
2093,0,-Inf
NA,NA,NA
2095,0,-Inf
2096,0,-Inf
NA,NA,NA
2100,0.0006103515,0.301029924509172
2101,0.0006103516,0.301029995663981
2102,0.0009155273,0.477121207283124
2103,0.0006103516,0.301029995663981
2104,0.0006103515,0.301029924509172
2105,0.0006103515,0.301029924509172
2106,0.0006103515,0.301029924509172
2107,0.0003051757,-1.4230963028421e-07
NA,NA,NA
NA,NA,NA
NA,NA,NA
2113,0,-Inf
2114,0.0003051757,-1.4230963028421e-07
2115,0.0006103515,0.301029924509172
2116,0.0006103515,0.301029924509172
2117,0.0006103515,0.301029924509172
2118,0.0006103515,0.301029924509172
2119,0.0009155273,0.477121207283124
2120,0.0009155273,0.477121207283124
2121,0.0006103515,0.301029924509172
NA,NA,NA
2126,0,-Inf
NA,NA,NA
2128,0,-Inf
2129,0,-Inf
2130,0,-Inf
2131,0.0006103515,0.301029924509172
2132,0.0003051757,-1.4230963028421e-07
2134,0.0009155273,0.477121207283124
2135,0.0009155273,0.477121207283124
2136,0.0009155273,0.477121207283124
2137,0.0006103515,0.301029924509172
2138,0.0006103515,0.301029924509172
2140,0.0003051757,-1.4230963028421e-07
2142,0,-Inf
NA,NA,NA
NA,NA,NA
NA,NA,NA
2147,0,-Inf
2148,0.0006103515,0.301029924509172
2150,0.0006103515,0.301029924509172
2151,0.0006103516,0.301029995663981
2152,0.0009155273,0.477121207283124
2153,0.0009155273,0.477121207283124
2155,0.0006103515,0.301029924509172
2156,0.0006103515,0.301029924509172
2157,0,-Inf
2158,0,-Inf
2159,0,-Inf
2160,0,-Inf
NA,NA,NA
2162,0,-Inf
2163,0,-Inf
2164,0,-Inf
2166,0.0006103515,0.301029924509172
2167,0.0006103516,0.301029995663981
2168,0.0006103516,0.301029995663981
2169,0.0009155273,0.477121207283124
2170,0.0006103515,0.301029924509172
2171,0.0006103515,0.301029924509172
2173,0.0006103515,0.301029924509172
2175,0,-Inf
2176,0,-Inf
2177,0,-Inf
NA,NA,NA
NA,NA,NA
2180,0,-Inf
2182,0.0006103515,0.301029924509172
2184,0.0009155273,0.477121207283124
2185,0.0006103516,0.301029995663981
2186,0.0009155273,0.477121207283124
2187,0.0009155273,0.477121207283124
2188,0.0006103515,0.301029924509172
2190,0.0006103515,0.301029924509172
2192,0,-Inf
NA,NA,NA
2194,0,-Inf
2195,0,-Inf
2201,0.0006103516,0.301029995663981
2202,0.0006103516,0.301029995663981
2203,0.0009155273,0.477121207283124
2204,0.0006103515,0.301029924509172
2206,0.0006103515,0.301029924509172
2207,0.0006103515,0.301029924509172
NA,NA,NA
2209,0,-Inf
2210,0,-Inf
NA,NA,NA
2212,0,-Inf
2214,0,-Inf
2216,0.0009155273,0.477121207283124
2217,0.0006103515,0.301029924509172
2219,0.0009155273,0.477121207283124
2220,0.0009155273,0.477121207283124
2221,0.0006103515,0.301029924509172
2222,0.0006103515,0.301029924509172
2223,0.0006103515,0.301029924509172
NA,NA,NA
2226,0,-Inf
2227,0,-Inf
NA,NA,NA
2229,0,-Inf
2231,0,-Inf
2232,0,-Inf
2233,0.0009155273,0.477121207283124
2234,0.0006103516,0.301029995663981
2235,0.0006103516,0.301029995663981
2236,0.0009155273,0.477121207283124
2237,0.0009155273,0.477121207283124
2238,0.0006103515,0.301029924509172
2240,0.0006103515,0.301029924509172
2241,0,-Inf
2242,0,-Inf
NA,NA,NA
NA,NA,NA
2247,0,-Inf
2249,0.0006103515,0.301029924509172
2250,0.0006103515,0.301029924509172
2251,0.0006103516,0.301029995663981
2252,0.0009155273,0.477121207283124
2253,0.0009155273,0.477121207283124
2254,0.0006103515,0.301029924509172
2255,0.0006103515,0.301029924509172
2256,0.0006103515,0.301029924509172
2258,0,-Inf
2259,0,-Inf
2260,0,-Inf
2261,0,-Inf
2262,0,-Inf
NA,NA,NA
2265,0,-Inf
2266,0.0006103515,0.301029924509172
2267,0.0006103516,0.301029995663981
2268,0.0006103516,0.301029995663981
2269,0.0009155273,0.477121207283124
2270,0.0006103516,0.301029995663981
2271,0.0006103515,0.301029924509172
2272,0.0006103515,0.301029924509172
2274,0.0006103515,0.301029924509172
2275,0,-Inf
NA,NA,NA
2277,0,-Inf
2278,0,-Inf
2279,0,-Inf
2280,0,-Inf
2281,0,-Inf
2282,0,-Inf
2283,0.0009155273,0.477121207283124
2284,0.0006103516,0.301029995663981
2285,0.0006103516,0.301029995663981
2286,0.0009155273,0.477121207283124
2287,0.0009155273,0.477121207283124
2288,0.0006103516,0.301029995663981
2289,0.0006103515,0.301029924509172
2290,0.0006103515,0.301029924509172
2292,0,-Inf
2293,0,-Inf
2294,0,-Inf
NA,NA,NA
NA,NA,NA
2300,0.0009155273,0.477121207283124
2301,0.0009155273,0.477121207283124
2302,0.0006103516,0.301029995663981
2303,0.0006103516,0.301029995663981
2304,0.0009155273,0.477121207283124
2305,0.0006103515,0.301029924509172
2309,0,-Inf
2310,0,-Inf
2311,0,-Inf
NA,NA,NA
NA,NA,NA
2317,0.0006103515,0.301029924509172
2318,0.0009155273,0.477121207283124
2319,0.0009155273,0.477121207283124
2320,0.0006103516,0.301029995663981
2321,0.0006103515,0.301029924509172
2322,0.0006103515,0.301029924509172
2325,0,-Inf
2326,0,-Inf
2327,0,-Inf
2328,0,-Inf
NA,NA,NA
2330,0,-Inf
2333,0.0006103515,0.301029924509172
2334,0.0006103516,0.301029995663981
2335,0.0009155273,0.477121207283124
2336,0.0009155273,0.477121207283124
2337,0.0009155273,0.477121207283124
2338,0.0009155273,0.477121207283124
2339,0.0006103515,0.301029924509172
2343,0,-Inf
2344,0,-Inf
NA,NA,NA
NA,NA,NA
2348,0.0006103515,0.301029924509172
2351,0.0006103516,0.301029995663981
2352,0.0009155273,0.477121207283124
2353,0.0006103516,0.301029995663981
2354,0.0009155273,0.477121207283124
2355,0.0009155273,0.477121207283124
NA,NA,NA
2360,0,-Inf
2361,0,-Inf
2362,0,-Inf
2363,0,-Inf
2366,0.0006103515,0.301029924509172
2367,0.0006103515,0.301029924509172
2368,0.0006103516,0.301029995663981
2369,0.0009155273,0.477121207283124
2370,0.0009155273,0.477121207283124
2371,0.0009155273,0.477121207283124
2372,0.0006103515,0.301029924509172
2375,0,-Inf
2376,0,-Inf
2377,0,-Inf
NA,NA,NA
2379,0,-Inf
2380,0,-Inf
2382,0.0003051757,-1.4230963028421e-07
2383,0.0006103515,0.301029924509172
2384,0.0009155273,0.477121207283124
2385,0.0006103516,0.301029995663981
2386,0.0006103516,0.301029995663981
2387,0.0006103516,0.301029995663981
2388,0.0006103515,0.301029924509172
2389,0.0006103515,0.301029924509172
2392,0,-Inf
2393,0,-Inf
2394,0,-Inf
2395,0,-Inf
2396,0,-Inf
2397,0.0006103515,0.301029924509172
2398,0,-Inf
2400,0.0009155273,0.477121207283124
2401,0.0006103516,0.301029995663981
2402,0.0009155273,0.477121207283124
2403,0.0006103516,0.301029995663981
2404,0.0006103515,0.301029924509172
2405,0.0006103515,0.301029924509172
2406,0.0003051757,-1.4230963028421e-07
2407,0,-Inf
2408,0,-Inf
2410,0,-Inf
2411,0,-Inf
2412,0,-Inf
2413,0,-Inf
2414,0,-Inf
2415,0.0003051757,-1.4230963028421e-07
2416,0.0006103515,0.301029924509172
2417,0.0006103516,0.301029995663981
2418,0.0006103515,0.301029924509172
2419,0.0009155273,0.477121207283124
2420,0.0006103515,0.301029924509172
2421,0.0006103515,0.301029924509172
2423,0.0006103515,0.301029924509172
2425,0,-Inf
2426,0,-Inf
2427,0,-Inf
2428,0,-Inf
2429,0,-Inf
2431,0,-Inf
2434,0.0006103515,0.301029924509172
2435,0.0009155273,0.477121207283124
2436,0.0009155273,0.477121207283124
2437,0.0006103515,0.301029924509172
2438,0.0006103516,0.301029995663981
2439,0.0006103515,0.301029924509172
2440,0.0006103515,0.301029924509172
2441,0,-Inf
2444,0,-Inf
2445,0,-Inf
2446,0,-Inf
NA,NA,NA
2448,0,-Inf
2449,0.0006103515,0.301029924509172
2450,0.0009155273,0.477121207283124
2451,0.0006103516,0.301029995663981
2452,0.0006103516,0.301029995663981
2453,0.0009155273,0.477121207283124
2455,0.0006103515,0.301029924509172
2456,0.0006103515,0.301029924509172
2457,0.0006103515,0.301029924509172
2459,0,-Inf
2460,0,-Inf
NA,NA,NA
2462,0,-Inf
2463,0,-Inf
2465,0,-Inf
2467,0.0006103516,0.301029995663981
2468,0.0009155273,0.477121207283124
2469,0.0006103516,0.301029995663981
2470,0.0009155273,0.477121207283124
2471,0.0006103515,0.301029924509172
2472,0.0006103515,0.301029924509172
2474,0,-Inf
2475,0,-Inf
2477,0,-Inf
NA,NA,NA
NA,NA,NA
2481,0.0003051757,-1.4230963028421e-07
2483,0.0009155273,0.477121207283124
2484,0.0006103515,0.301029924509172
2485,0.0006103516,0.301029995663981
2486,0.0009155273,0.477121207283124
2487,0.0009155273,0.477121207283124
2488,0.0009155273,0.477121207283124
2489,0.0006103515,0.301029924509172
2490,0.0006103515,0.301029924509172
2493,0,-Inf
NA,NA,NA
NA,NA,NA
2497,0,-Inf
2500,0.0006103516,0.301029995663981
2501,0.0006103515,0.301029924509172
2502,0.0006103516,0.301029995663981
2504,0.0009155273,0.477121207283124
2505,0.0009155273,0.477121207283124
2507,0,-Inf
2509,0,-Inf
2511,0,-Inf
NA,NA,NA
2514,0,-Inf
2515,0.0006103515,0.301029924509172
2516,0.0006103515,0.301029924509172
2517,0.0006103516,0.301029995663981
2518,0.0006103516,0.301029995663981
2519,0.0006103516,0.301029995663981
2520,0.0006103516,0.301029995663981
2521,0.0006103515,0.301029924509172
2522,0.0009155273,0.477121207283124
2525,0,-Inf
2526,0,-Inf
2527,0,-Inf
2528,0,-Inf
2529,0,-Inf
2530,0,-Inf
2531,0,-Inf
2533,0.0006103515,0.301029924509172
2535,0.0006103516,0.301029995663981
2536,0.001220703,0.602059920173153
2537,0.0006103515,0.301029924509172
2538,0.0006103515,0.301029924509172
2539,0.0009155273,0.477121207283124
2541,0,-Inf
2542,0,-Inf
2543,0,-Inf
NA,NA,NA
NA,NA,NA
NA,NA,NA
2549,0.0009155273,0.477121207283124
2550,0.0006103515,0.301029924509172
2552,0.001220703,0.602059920173153
2553,0.0009155273,0.477121207283124
2555,0.0006103515,0.301029924509172
2556,0.0006103515,0.301029924509172
2557,0,-Inf
2558,0,-Inf
2559,0,-Inf
2560,0,-Inf
2561,0,-Inf
2563,0,-Inf
2564,0,-Inf
2565,0.0006103515,0.301029924509172
2566,0.0006103515,0.301029924509172
2567,0.0006103515,0.301029924509172
2568,0.0009155273,0.477121207283124
2569,0.0009155273,0.477121207283124
2570,0.0009155273,0.477121207283124
2571,0.0009155273,0.477121207283124
2572,0.0006103515,0.301029924509172
2573,0,-Inf
2574,0,-Inf
2575,0,-Inf
2576,0,-Inf
NA,NA,NA
2578,0,-Inf
2579,0,-Inf
2583,0.0006103515,0.301029924509172
2584,0.0006103515,0.301029924509172
2585,0.0006103516,0.301029995663981
2586,0.0009155273,0.477121207283124
2587,0.0006103515,0.301029924509172
2588,0.0009155273,0.477121207283124
2590,0.0003051757,-1.4230963028421e-07
2592,0,-Inf
NA,NA,NA
2594,0,-Inf
NA,NA,NA
2597,0,-Inf
2598,0,-Inf
2599,0.0006103515,0.301029924509172
2600,0.0006103516,0.301029995663981
2601,0.0006103515,0.301029924509172
2602,0.001220703,0.602059920173153
2603,0.0012207033,0.602060026905363
2604,0.0009155273,0.477121207283124
2605,0.0006103515,0.301029924509172
2606,0.0003051757,-1.4230963028421e-07
NA,NA,NA
NA,NA,NA
2612,0,-Inf
2614,0,-Inf
2615,0.0006103515,0.301029924509172
2616,0.0006103515,0.301029924509172
2617,0.0009155273,0.477121207283124
2619,0.0009155273,0.477121207283124
2620,0.0009155273,0.477121207283124
2621,0.0009155273,0.477121207283124
2622,0.0006103515,0.301029924509172
2623,0.0006103515,0.301029924509172
2624,0,-Inf
2625,0,-Inf
2626,0,-Inf
NA,NA,NA
NA,NA,NA
2630,0,-Inf
2631,0,-Inf
2632,0.0006103515,0.301029924509172
2633,0.0006103515,0.301029924509172
2634,0.0006103516,0.301029995663981
2635,0.0009155273,0.477121207283124
2636,0.0009155273,0.477121207283124
2637,0.0009155273,0.477121207283124
2638,0.0009155273,0.477121207283124
2641,0,-Inf
2642,0,-Inf
2643,0,-Inf
NA,NA,NA
NA,NA,NA
2646,0,-Inf
2647,0,-Inf
2650,0.0006103515,0.301029924509172
2651,0.0009155273,0.477121207283124
2652,0.0006103516,0.301029995663981
2653,0.0006103516,0.301029995663981
2654,0.0009155273,0.477121207283124
2655,0.0006103515,0.301029924509172
2656,0,-Inf
2657,0.0006103515,0.301029924509172
2658,0,-Inf
NA,NA,NA
NA,NA,NA
2661,0,-Inf
2663,0,-Inf
2664,0,-Inf
2665,0.0006103515,0.301029924509172
2666,0.0006103515,0.301029924509172
2667,0.0006103515,0.301029924509172
2668,0.0009155273,0.477121207283124
2669,0.0006103516,0.301029995663981
2670,0.0009155273,0.477121207283124
2671,0.0006103515,0.301029924509172
2673,0.0006103515,0.301029924509172
2674,0,-Inf
NA,NA,NA
NA,NA,NA
2677,0,-Inf
NA,NA,NA
2680,0,-Inf
2683,0.0009155273,0.477121207283124
2684,0.0009155273,0.477121207283124
2685,0.0009155273,0.477121207283124
2686,0.0006103516,0.301029995663981
2687,0.0006103516,0.301029995663981
2688,0.0006103515,0.301029924509172
2690,0.0006103515,0.301029924509172
2692,0,-Inf
2693,0,-Inf
2694,0,-Inf
NA,NA,NA
NA,NA,NA
2699,0.0006103515,0.301029924509172
2700,0.0009155273,0.477121207283124
2701,0.0009155273,0.477121207283124
2702,0.0009155273,0.477121207283124
2703,0.0009155273,0.477121207283124
2704,0.0009155273,0.477121207283124
2706,0.0006103515,0.301029924509172
2707,0.0003051757,-1.4230963028421e-07
NA,NA,NA
2709,0,-Inf
2710,0,-Inf
NA,NA,NA
2712,0,-Inf
NA,NA,NA
2714,0,-Inf
2715,0.0006103515,0.301029924509172
2716,0.0006103515,0.301029924509172
2717,0.0009155273,0.477121207283124
2718,0.0009155273,0.477121207283124
2719,0.001220703,0.602059920173153
2720,0.0006103515,0.301029924509172
2721,0.0006103515,0.301029924509172
2722,0.0006103515,0.301029924509172
2723,0.0006103515,0.301029924509172
2724,0.0003051757,-1.4230963028421e-07
2725,0,-Inf
2727,0,-Inf
NA,NA,NA
2731,0,-Inf
2733,0.0006103515,0.301029924509172
2734,0.0006103515,0.301029924509172
2735,0.0006103516,0.301029995663981
2736,0.0009155273,0.477121207283124
2737,0.0006103516,0.301029995663981
2738,0.0006103515,0.301029924509172
2739,0,-Inf
2741,0.0006103515,0.301029924509172
NA,NA,NA
NA,NA,NA
2744,0,-Inf
2746,0,-Inf
2748,0.0006103515,0.301029924509172
2750,0.0009155273,0.477121207283124
2751,0.0006103515,0.301029924509172
2752,0.0009155273,0.477121207283124
2753,0.0009155273,0.477121207283124
2754,0.0009155273,0.477121207283124
2755,0.0006103515,0.301029924509172
2756,0.0006103515,0.301029924509172
2757,0,-Inf
NA,NA,NA
2759,0,-Inf
NA,NA,NA
2761,0,-Inf
NA,NA,NA
NA,NA,NA
2764,0.0006103515,0.301029924509172
2765,0.0006103515,0.301029924509172
2766,0.0006103515,0.301029924509172
2767,0.0009155273,0.477121207283124
2768,0.0006103516,0.301029995663981
2769,0.0009155273,0.477121207283124
2770,0.0006103516,0.301029995663981
2772,0.0009155273,0.477121207283124
2773,0.0006103515,0.301029924509172
2774,0.0003051757,-1.4230963028421e-07
2775,0,-Inf
NA,NA,NA
NA,NA,NA
NA,NA,NA
2779,0,-Inf
NA,NA,NA
2782,0.0006103515,0.301029924509172
2783,0.0006103515,0.301029924509172
2784,0.0009155273,0.477121207283124
2785,0.0006103515,0.301029924509172
2786,0.0009155273,0.477121207283124
2787,0.0009155273,0.477121207283124
2788,0.0006103515,0.301029924509172
2789,0.0006103515,0.301029924509172
2791,0,-Inf
NA,NA,NA
2793,0,-Inf
2794,0,-Inf
2795,0,-Inf
2796,0,-Inf
2797,0,-Inf
2799,0.0006103515,0.301029924509172
2800,0.0006103515,0.301029924509172
2801,0.0006103516,0.301029995663981
2802,0.001220703,0.602059920173153
2803,0.0009155273,0.477121207283124
2805,0.0006103515,0.301029924509172
2806,0.0006103515,0.301029924509172
2807,0,-Inf
2808,0,-Inf
2809,0,-Inf
NA,NA,NA
NA,NA,NA
2812,0,-Inf
NA,NA,NA
2814,0.0003051757,-1.4230963028421e-07
