"time","intensity","A"
1,0.004272461,0.845098090839122
2,0.004577637,0.875061334546509
3,0.004272461,0.845098090839122
4,0.0045776365,0.875061287109971
5,0.0039672855,0.812913438744558
6,0.0039672855,0.812913438744558
7,0.0039672855,0.812913438744558
8,0.003967285,0.812913384010091
9,0.003967285,0.812913384010091
10,0.004272461,0.845098090839122
11,0.003967285,0.812913384010091
12,0.003967285,0.812913384010091
13,0.003967285,0.812913384010091
14,0.003967285,0.812913384010091
15,0.003967285,0.812913384010091
16,0.003967285,0.812913384010091
17,0.004272461,0.845098090839122
18,0.0036621095,0.778151309679319
19,0.004272461,0.845098090839122
20,0.0033569335,0.74036272183734
21,0.0030517575,0.698970004336019
22,0.0033569335,0.74036272183734
23,0.0033569335,0.74036272183734
24,0.0030517575,0.698970004336019
25,0.002746582,0.653212553305795
26,0.003051758,0.698970075490828
27,0.0030517575,0.698970004336019
28,0.002746582,0.653212553305795
29,0.0030517575,0.698970004336019
30,0.002746582,0.653212553305795
31,0.0030517575,0.698970004336019
32,0.0030517575,0.698970004336019
33,0.003051758,0.698970075490828
34,0.003051758,0.698970075490828
35,0.0030517575,0.698970004336019
36,0.0033569335,0.74036272183734
37,0.0024414065,0.602060080271472
38,0.0021362305,0.544068095175141
39,0.0024414065,0.602060080271472
40,0.0021362305,0.544068095175141
41,0.0021362305,0.544068095175141
42,0.0018310545,0.477121254719662
43,0.0021362305,0.544068095175141
44,0.001831055,0.477121373311005
45,0.0018310545,0.477121254719662
46,0.0018310545,0.477121254719662
47,0.0018310545,0.477121254719662
48,0.0021362305,0.544068095175141
49,0.0021362305,0.544068095175141
50,0.002441406,0.602059991327962
51,0.002441406,0.602059991327962
52,0.0021362305,0.544068095175141
53,0.0021362305,0.544068095175141
54,0.0018310545,0.477121254719662
55,0.0018310545,0.477121254719662
56,0.0015258788,0.397940022903
57,0.001525879,0.397940079826847
58,0.0009155273,0.176091282773952
59,0.001525879,0.397940079826847
60,0.001525879,0.397940079826847
61,0.001525879,0.397940079826847
62,0.0012207033,0.301030102396191
63,0.0012207033,0.301030102396191
64,0.0018310545,0.477121254719662
65,0.001525879,0.397940079826847
66,0.0021362305,0.544068095175141
67,0.001525879,0.397940079826847
68,0.001525879,0.397940079826847
69,0.001831055,0.477121373311005
70,0.0018310545,0.477121254719662
71,0.0012207033,0.301030102396191
72,0.0015258788,0.397940022903
73,0.0012207033,0.301030102396191
74,0.0009155273,0.176091282773952
75,0.0009155273,0.176091282773952
76,0.001220703,0.301029995663981
77,0.0012207033,0.301030102396191
78,0.001525879,0.397940079826847
79,0.0012207033,0.301030102396191
80,0.0012207033,0.301030102396191
81,0.0012207033,0.301030102396191
82,0.001525879,0.397940079826847
83,0.001220703,0.301029995663981
84,0.001525879,0.397940079826847
85,0.001220703,0.301029995663981
86,0.001525879,0.397940079826847
87,0.0012207033,0.301030102396191
88,0.0012207033,0.301030102396191
89,0.0012207033,0.301030102396191
90,0.0009155275,0.176091377647024
91,0.0009155273,0.176091282773952
92,0.0006103516,7.115480932346e-08
93,0.0009155273,0.176091282773952
94,0.0009155273,0.176091282773952
95,0.0009155273,0.176091282773952
96,0.0009155275,0.176091377647024
97,0.0009155273,0.176091282773952
98,0.0012207033,0.301030102396191
99,0.0012207033,0.301030102396191
100,0.0009155273,0.176091282773952
101,0.001220703,0.301029995663981
102,0.001525879,0.397940079826847
103,0.0009155273,0.176091282773952
104,0.0012207033,0.301030102396191
105,0.0009155275,0.176091377647024
106,0.0009155275,0.176091377647024
107,0.0006103515,0
108,0.0006103516,7.115480932346e-08
109,0.0006103516,7.115480932346e-08
110,0.0009155273,0.176091282773952
111,0.0009155273,0.176091282773952
112,0.0009155275,0.176091377647024
113,0.0006103515,0
114,0.0012207033,0.301030102396191
115,0.0012207033,0.301030102396191
116,0.0009155273,0.176091282773952
117,0.0009155273,0.176091282773952
118,0.0009155273,0.176091282773952
119,0.0009155273,0.176091282773952
120,0.0009155275,0.176091377647024
121,0.0012207033,0.301030102396191
122,0.0009155275,0.176091377647024
123,0.0006103515,0
124,0.0003051758,-0.301029924509172
125,0.0003051758,-0.301029924509172
126,0.0006103516,7.115480932346e-08
127,0.0006103515,0
128,0.0006103515,0
129,0.0006103515,0
130,0.0009155275,0.176091377647024
131,0.0006103515,0
132,0.0009155273,0.176091282773952
133,0.0009155273,0.176091282773952
134,0.0009155273,0.176091282773952
135,0.0009155273,0.176091282773952
136,0.0006103515,0
137,0.0012207033,0.301030102396191
138,0.0006103515,0
139,0.0006103515,0
140,0.0006103515,0
141,0.0006103515,0
142,0.0003051758,-0.301029924509172
143,0.0006103516,7.115480932346e-08
144,0.0006103515,0
145,0.0006103515,0
146,0.0006103515,0
147,0.0006103515,0
148,0.0006103515,0
149,0.0009155273,0.176091282773952
150,0.0009155273,0.176091282773952
151,0.001220703,0.301029995663981
152,0.0009155273,0.176091282773952
153,0.0009155273,0.176091282773952
154,0.0009155275,0.176091377647024
155,0.0003051757,-0.301030066818802
156,0.0012207033,0.301030102396191
157,0.0003051758,-0.301029924509172
158,0,-Inf
159,0.0003051758,-0.301029924509172
160,0.0003051758,-0.301029924509172
161,0.0003051758,-0.301029924509172
162,0.0006103515,0
163,0.0003051757,-0.301030066818802
164,0.0006103515,0
165,0.0006103515,0
166,0.0009155273,0.176091282773952
167,0.0009155273,0.176091282773952
168,0.0009155273,0.176091282773952
169,0.0009155273,0.176091282773952
170,0.0006103515,0
171,0.0003051758,-0.301029924509172
172,0.0006103515,0
173,0.0006103515,0
174,0,-Inf
175,0.0003051758,-0.301029924509172
176,0,-Inf
177,0.0003051758,-0.301029924509172
178,0.0003051758,-0.301029924509172
179,0.0006103515,0
180,0.0006103515,0
181,0.0006103515,0
182,0.0006103515,0
183,0.0006103516,7.115480932346e-08
184,0.0009155273,0.176091282773952
185,0.0009155273,0.176091282773952
186,0.0009155273,0.176091282773952
187,0.0006103515,0
188,0.0006103515,0
189,0.0003051757,-0.301030066818802
190,0.0003051758,-0.301029924509172
191,0.0003051758,-0.301029924509172
192,0,-Inf
193,0.0003051758,-0.301029924509172
194,0.0003051758,-0.301029924509172
195,0.0006103515,0
196,0.0003051758,-0.301029924509172
197,0.0006103515,0
198,0.0006103515,0
199,0.0006103515,0
200,0.0006103516,7.115480932346e-08
201,0.0009155273,0.176091282773952
202,0.0006103515,0
203,0.0009155273,0.176091282773952
204,0.0006103515,0
205,0.0003051758,-0.301029924509172
206,0.0003051758,-0.301029924509172
207,0.0003051758,-0.301029924509172
208,0.0003051758,-0.301029924509172
209,0,-Inf
210,0.0003051758,-0.301029924509172
211,0.0003051758,-0.301029924509172
212,0.0006103515,0
213,0.0006103515,0
214,0.0006103515,0
215,0.0006103515,0
216,0.0009155273,0.176091282773952
217,0.0009155273,0.176091282773952
218,0.0006103515,0
219,0.0009155273,0.176091282773952
220,0.0006103515,0
221,0.0006103515,0
222,0.0003051757,-0.301030066818802
223,0.0003051757,-0.301030066818802
224,0.0003051758,-0.301029924509172
225,0,-Inf
226,0.0003051758,-0.301029924509172
227,0.0003051758,-0.301029924509172
228,0.0003051758,-0.301029924509172
229,0.0003051757,-0.301030066818802
230,0.0006103515,0
231,0.0006103515,0
232,0.0003051758,-0.301029924509172
233,0.0006103516,7.115480932346e-08
234,0,-Inf
235,0.0009155273,0.176091282773952
236,0.0006103515,0
237,0.0006103515,0
238,0.0003051758,-0.301029924509172
239,0.0003051758,-0.301029924509172
240,0.0003051758,-0.301029924509172
241,0.0003051758,-0.301029924509172
242,0,-Inf
243,0,-Inf
244,0,-Inf
245,0,-Inf
246,0.0006103515,0
247,0.0003051758,-0.301029924509172
248,0.0006103515,0
249,0.0006103515,0
250,0.0009155273,0.176091282773952
251,0.0006103515,0
252,0.0009155273,0.176091282773952
253,0.0006103515,0
254,0.0006103515,0
255,0.0003051757,-0.301030066818802
256,0.0003051757,-0.301030066818802
257,0.0003051758,-0.301029924509172
258,0,-Inf
259,0.0003051758,-0.301029924509172
260,0,-Inf
261,0.0003051758,-0.301029924509172
262,0.0003051758,-0.301029924509172
263,0,-Inf
264,0.0003051757,-0.301030066818802
265,0.0006103515,0
266,0.0009155273,0.176091282773952
267,0.0009155273,0.176091282773952
268,0.0006103516,7.115480932346e-08
269,0.0003051758,-0.301029924509172
270,0.0006103515,0
271,0.0006103515,0
272,0.0006103515,0
273,0.0003051758,-0.301029924509172
274,0,-Inf
275,0,-Inf
276,0,-Inf
277,0.0003051758,-0.301029924509172
278,0.0003051758,-0.301029924509172
279,0.0003051757,-0.301030066818802
280,0.0006103515,0
281,0.0006103515,0
282,0.0006103515,0
283,0.0009155273,0.176091282773952
284,0.0006103516,7.115480932346e-08
285,0.0003051758,-0.301029924509172
286,0.0006103515,0
287,0.0006103515,0
288,0.0003051757,-0.301030066818802
289,0.0003051758,-0.301029924509172
290,0.0003051758,-0.301029924509172
291,0.0003051758,-0.301029924509172
292,0,-Inf
293,0.0003051758,-0.301029924509172
294,0.0003051758,-0.301029924509172
295,0.0003051758,-0.301029924509172
296,0.0003051757,-0.301030066818802
297,0.0003051758,-0.301029924509172
298,0.0006103515,0
299,0.0003051758,-0.301029924509172
300,0.0009155273,0.176091282773952
301,0.0006103516,7.115480932346e-08
302,0.0003051758,-0.301029924509172
303,0.0006103515,0
304,0.0006103515,0
305,0,-Inf
306,0.0003051758,-0.301029924509172
307,0.0003051758,-0.301029924509172
308,0.0003051758,-0.301029924509172
309,0,-Inf
310,0,-Inf
311,0,-Inf
312,0,-Inf
313,0.0006103515,0
314,0.0006103515,0
315,0.0003051758,-0.301029924509172
316,0.0012207033,0.301030102396191
317,0.0006103516,7.115480932346e-08
318,0.0003051758,-0.301029924509172
319,0.0006103516,7.115480932346e-08
320,0.0006103515,0
321,0.0006103515,0
322,0.0003051757,-0.301030066818802
323,0.0006103515,0
324,0,-Inf
325,0,-Inf
326,0,-Inf
327,0.0003051758,-0.301029924509172
328,0.0003051758,-0.301029924509172
329,0,-Inf
330,0.0003051757,-0.301030066818802
331,0.0003051757,-0.301030066818802
332,0.0006103515,0
333,0.0009155273,0.176091282773952
334,0.0006103516,7.115480932346e-08
335,0.0006103516,7.115480932346e-08
336,0.0003051758,-0.301029924509172
337,0.0006103515,0
338,0,-Inf
339,0.0006103515,0
340,0,-Inf
341,0,-Inf
342,0,-Inf
343,0,-Inf
344,0.0003051758,-0.301029924509172
345,0.0006103515,0
346,0.0003051758,-0.301029924509172
347,0.0003051757,-0.301030066818802
348,0.0003051758,-0.301029924509172
349,0.0006103515,0
350,0.0009155273,0.176091282773952
351,0.0003051758,-0.301029924509172
352,0.0009155273,0.176091282773952
353,0.0006103515,0
354,0.0003051757,-0.301030066818802
355,0,-Inf
356,0.0003051758,-0.301029924509172
357,0.0003051758,-0.301029924509172
358,0,-Inf
359,0,-Inf
360,-0.0003051758,NA
361,0,-Inf
362,0.0006103515,0
363,0.0003051757,-0.301030066818802
364,0.0006103515,0
365,0.0003051758,-0.301029924509172
366,0.0009155273,0.176091282773952
367,0.0006103516,7.115480932346e-08
368,0.0006103516,7.115480932346e-08
369,0.0006103515,0
370,0.0006103515,0
371,0.0003051758,-0.301029924509172
372,0.0003051757,-0.301030066818802
373,0.0003051758,-0.301029924509172
374,0.0003051758,-0.301029924509172
375,0,-Inf
376,0,-Inf
377,0,-Inf
378,0,-Inf
379,0.0006103515,0
380,0.0003051757,-0.301030066818802
381,0.0003051757,-0.301030066818802
382,0.0009155273,0.176091282773952
383,0.0009155273,0.176091282773952
384,0.0006103516,7.115480932346e-08
385,0.0003051758,-0.301029924509172
386,0.0003051758,-0.301029924509172
387,0.0003051758,-0.301029924509172
388,0,-Inf
389,0.0006103515,0
390,0.0006103515,0
391,0.0003051758,-0.301029924509172
392,0,-Inf
393,0.0003051758,-0.301029924509172
394,0,-Inf
395,0.0003051758,-0.301029924509172
396,0.0006103515,0
397,0.0006103515,0
398,0.0006103515,0
399,0.0009155273,0.176091282773952
400,0.0009155273,0.176091282773952
401,0.0006103516,7.115480932346e-08
402,0.0006103515,0
403,0.0006103515,0
404,0.0003051758,-0.301029924509172
405,0.0006103515,0
406,0.0003051757,-0.301030066818802
407,0.0003051758,-0.301029924509172
408,-0.0003051758,NA
409,0,-Inf
410,0,-Inf
411,0.0003051758,-0.301029924509172
412,0,-Inf
413,0.0006103515,0
414,0.0003051757,-0.301030066818802
415,0.0006103515,0
416,0.0006103515,0
417,0.0009155273,0.176091282773952
418,0.0006103515,0
419,0.0009155273,0.176091282773952
420,0.0006103515,0
421,0.0003051758,-0.301029924509172
422,0.0003051757,-0.301030066818802
423,0.0003051757,-0.301030066818802
424,0.0003051758,-0.301029924509172
425,-0.0003051758,NA
426,0,-Inf
427,0.0003051758,-0.301029924509172
428,0.0003051758,-0.301029924509172
429,0.0003051758,-0.301029924509172
430,0.0003051757,-0.301030066818802
431,0.0006103515,0
432,0.0009155273,0.176091282773952
433,0.0009155273,0.176091282773952
434,0.0003051758,-0.301029924509172
435,0.0006103516,7.115480932346e-08
436,0.0006103515,0
437,0.0006103515,0
438,0.0003051758,-0.301029924509172
439,0.0006103515,0
440,0.0003051758,-0.301029924509172
441,0,-Inf
442,0.0003051758,-0.301029924509172
443,0,-Inf
444,-0.0003051758,NA
445,0.0003051758,-0.301029924509172
446,0.0003051757,-0.301030066818802
447,0.0003051757,-0.301030066818802
448,0.0006103515,0
449,0.0009155273,0.176091282773952
450,0.0006103516,7.115480932346e-08
451,0.0006103516,7.115480932346e-08
452,0.0003051758,-0.301029924509172
453,0.0006103515,0
454,0.0006103515,0
455,0.0003051758,-0.301029924509172
456,0,-Inf
457,0.0003051758,-0.301029924509172
458,0,-Inf
459,0,-Inf
460,0.0003051758,-0.301029924509172
461,0.0003051758,-0.301029924509172
462,0.0006103515,0
463,0.0003051757,-0.301030066818802
464,0.0003051757,-0.301030066818802
465,0.0006103515,0
466,0.0006103515,0
467,0.0003051758,-0.301029924509172
468,0.0003051758,-0.301029924509172
469,0.0009155273,0.176091282773952
470,0.0006103515,0
471,0.0006103515,0
472,0,-Inf
473,0.0003051758,-0.301029924509172
474,0,-Inf
475,0,-Inf
476,0.0003051758,-0.301029924509172
477,0.0003051758,-0.301029924509172
478,0,-Inf
479,0.0003051757,-0.301030066818802
480,0.0003051758,-0.301029924509172
481,0.0006103515,0
482,0.0006103516,7.115480932346e-08
483,0.0009155273,0.176091282773952
484,0.0003051758,-0.301029924509172
485,0.0006103516,7.115480932346e-08
486,0.0003051758,-0.301029924509172
487,0.0006103515,0
488,0.0006103515,0
489,0.0006103515,0
490,0.0003051758,-0.301029924509172
491,0,-Inf
492,0,-Inf
493,0.0003051758,-0.301029924509172
494,0.0003051758,-0.301029924509172
495,0.0003051757,-0.301030066818802
496,0.0006103515,0
497,0.0006103515,0
498,0.0006103515,0
499,0.0006103516,7.115480932346e-08
500,0.0009155273,0.176091282773952
501,0.0003051758,-0.301029924509172
502,0.0006103515,0
503,0.0003051758,-0.301029924509172
504,0.0006103515,0
505,0.0006103515,0
506,0.0006103515,0
507,-0.0003051758,NA
508,0,-Inf
509,0,-Inf
510,0,-Inf
511,0,-Inf
512,0.0003051758,-0.301029924509172
513,0.0003051758,-0.301029924509172
514,0.0006103515,0
515,0.0003051758,-0.301029924509172
516,0.0003051758,-0.301029924509172
517,0.0006103516,7.115480932346e-08
518,0.0003051758,-0.301029924509172
519,0.0006103515,0
520,0.0006103515,0
521,0.0006103515,0
522,0.0006103515,0
523,0.0003051758,-0.301029924509172
524,0,-Inf
525,0.0003051758,-0.301029924509172
526,0.0003051758,-0.301029924509172
527,0.0003051758,-0.301029924509172
528,0,-Inf
529,0,-Inf
530,0.0006103515,0
531,0.0006103515,0
532,0.0003051758,-0.301029924509172
533,0.0009155273,0.176091282773952
534,0.0003051758,-0.301029924509172
535,0.0003051758,-0.301029924509172
536,0.0003051758,-0.301029924509172
537,0.0003051757,-0.301030066818802
538,0.0006103515,0
539,0,-Inf
540,0,-Inf
541,0.0003051758,-0.301029924509172
542,0,-Inf
543,0,-Inf
544,0,-Inf
545,0.0006103515,0
546,0.0003051758,-0.301029924509172
547,0.0003051757,-0.301030066818802
548,0.0006103515,0
549,0.0006103515,0
550,0.0006103516,7.115480932346e-08
551,0.0006103516,7.115480932346e-08
552,0.0003051758,-0.301029924509172
553,0.0006103515,0
554,0.0006103515,0
555,0.0006103515,0
556,0.0006103515,0
557,0,-Inf
558,0.0003051758,-0.301029924509172
559,0,-Inf
560,0.0003051758,-0.301029924509172
561,0,-Inf
562,0.0006103515,0
563,0.0006103515,0
564,0.0006103515,0
565,0.0006103515,0
566,0.0003051758,-0.301029924509172
567,0.0006103516,7.115480932346e-08
568,0.0009155273,0.176091282773952
569,0.0009155273,0.176091282773952
570,0.0003051758,-0.301029924509172
571,0,-Inf
572,0.0006103515,0
573,0.0003051757,-0.301030066818802
574,0,-Inf
575,0.0003051758,-0.301029924509172
576,-0.0003051758,NA
577,0.0003051758,-0.301029924509172
578,0,-Inf
579,0,-Inf
580,0.0006103515,0
581,0.0003051757,-0.301030066818802
582,0.0006103515,0
583,0.0006103516,7.115480932346e-08
584,0.0006103516,7.115480932346e-08
585,0.0003051758,-0.301029924509172
586,0.0003051758,-0.301029924509172
587,0.0006103515,0
588,0.0003051757,-0.301030066818802
589,0.0003051758,-0.301029924509172
590,0,-Inf
591,0.0003051758,-0.301029924509172
592,0,-Inf
593,0.0003051758,-0.301029924509172
594,0,-Inf
595,0.0003051758,-0.301029924509172
596,0.0006103515,0
597,0.0003051758,-0.301029924509172
598,0.0003051757,-0.301030066818802
599,0.0006103515,0
600,0.0006103516,7.115480932346e-08
601,0.0009155273,0.176091282773952
602,0.0006103515,0
603,0.0003051758,-0.301029924509172
604,0.0003051758,-0.301029924509172
605,0.0006103515,0
606,0,-Inf
607,0.0003051758,-0.301029924509172
608,0,-Inf
609,0,-Inf
610,0.0003051758,-0.301029924509172
611,0,-Inf
612,0,-Inf
613,0,-Inf
614,0.0006103515,0
615,0.0003051758,-0.301029924509172
616,0.0009155273,0.176091282773952
617,0.0003051758,-0.301029924509172
618,0.0006103516,7.115480932346e-08
619,0.0003051758,-0.301029924509172
620,0.0006103515,0
621,0.0003051758,-0.301029924509172
622,0.0003051758,-0.301029924509172
623,0.0003051758,-0.301029924509172
624,0,-Inf
625,0,-Inf
626,0,-Inf
627,0.0003051758,-0.301029924509172
628,0.0003051758,-0.301029924509172
629,0.0003051757,-0.301030066818802
630,0.0006103515,0
631,0.0003051757,-0.301030066818802
632,0.0003051758,-0.301029924509172
633,0.001220703,0.301029995663981
634,0.0006103516,7.115480932346e-08
635,0.0003051758,-0.301029924509172
636,0.0003051758,-0.301029924509172
637,0.0003051757,-0.301030066818802
638,0.0006103515,0
639,0,-Inf
640,0.0003051758,-0.301029924509172
641,-0.0003051758,NA
642,0,-Inf
643,0,-Inf
644,0.0003051758,-0.301029924509172
645,0,-Inf
646,0.0003051758,-0.301029924509172
647,0.0006103515,0
648,0.0006103515,0
649,0.0006103516,7.115480932346e-08
650,0.0006103516,7.115480932346e-08
651,0.0006103516,7.115480932346e-08
652,0.0003051758,-0.301029924509172
653,0.0003051758,-0.301029924509172
654,0.0003051758,-0.301029924509172
655,0.0003051757,-0.301030066818802
656,0.0006103515,0
657,-0.0003051758,NA
658,0,-Inf
659,0,-Inf
660,0.0003051758,-0.301029924509172
661,0,-Inf
662,0.0003051757,-0.301030066818802
663,0.0006103515,0
664,0.0006103515,0
665,0.0006103515,0
666,0.0006103515,0
667,0.0006103515,0
668,0.0003051758,-0.301029924509172
669,0.0006103515,0
670,0.0006103515,0
671,0.0006103515,0
672,0.0006103515,0
673,0,-Inf
674,0,-Inf
675,0.0003051758,-0.301029924509172
676,0,-Inf
677,0,-Inf
678,-0.0003051758,NA
679,0.0006103515,0
680,0.0006103515,0
681,0.0006103515,0
682,0,-Inf
683,0.0009155273,0.176091282773952
684,0.0003051758,-0.301029924509172
685,0.0003051758,-0.301029924509172
686,0.0006103515,0
687,0.0006103515,0
688,0,-Inf
689,0.0003051757,-0.301030066818802
690,0.0003051758,-0.301029924509172
691,0.0003051758,-0.301029924509172
692,0,-Inf
693,0,-Inf
694,0.0003051758,-0.301029924509172
695,0.0003051758,-0.301029924509172
696,0.0006103515,0
697,0.0003051757,-0.301030066818802
698,0.0006103515,0
699,0.0006103515,0
700,0.0006103516,7.115480932346e-08
701,0.0003051758,-0.301029924509172
702,0.0009155273,0.176091282773952
703,0.0006103515,0
704,0.0006103515,0
705,0.0006103515,0
706,0,-Inf
707,0,-Inf
708,-0.0003051758,NA
709,0,-Inf
710,0,-Inf
711,0,-Inf
712,0.0006103515,0
713,0.0006103515,0
714,0.0003051757,-0.301030066818802
715,0,-Inf
716,0.0006103516,7.115480932346e-08
717,0.0006103516,7.115480932346e-08
718,0.0003051758,-0.301029924509172
719,0.0006103515,0
720,0.0006103515,0
721,0,-Inf
722,0.0006103515,0
723,0,-Inf
724,0,-Inf
725,0,-Inf
726,0,-Inf
727,0.0003051758,-0.301029924509172
728,0,-Inf
729,0,-Inf
730,0.0006103515,0
731,0.0003051757,-0.301030066818802
732,0.0003051758,-0.301029924509172
733,0.0009155273,0.176091282773952
734,0.0006103516,7.115480932346e-08
735,0.0003051758,-0.301029924509172
736,0.0003051758,-0.301029924509172
737,0.0006103515,0
738,0.0003051757,-0.301030066818802
739,0.0006103515,0
740,0,-Inf
741,0,-Inf
742,0,-Inf
743,0,-Inf
744,0,-Inf
745,0.0003051758,-0.301029924509172
746,0.0006103515,0
747,0.0003051758,-0.301029924509172
748,0.0006103515,0
749,0.0003051758,-0.301029924509172
750,0.0009155273,0.176091282773952
751,0.0003051758,-0.301029924509172
752,0.0006103516,7.115480932346e-08
753,0.0006103515,0
754,0.0006103515,0
755,0.0006103515,0
756,0,-Inf
757,0,-Inf
758,0.0003051758,-0.301029924509172
759,0,-Inf
760,0,-Inf
761,0,-Inf
762,0.0006103515,0
763,0,-Inf
764,0.0006103515,0
765,0.0003051758,-0.301029924509172
766,0.0009155273,0.176091282773952
767,0.0006103516,7.115480932346e-08
768,0.0006103516,7.115480932346e-08
769,0.0006103515,0
770,0.0006103515,0
771,0.0006103515,0
772,0.0003051758,-0.301029924509172
773,0.0003051757,-0.301030066818802
774,0.0003051758,-0.301029924509172
775,0,-Inf
776,0,-Inf
777,0.0003051758,-0.301029924509172
778,0,-Inf
779,0,-Inf
780,0.0006103515,0
781,0.0006103515,0
782,0,-Inf
783,0.0009155273,0.176091282773952
784,0.0003051758,-0.301029924509172
785,0.0009155273,0.176091282773952
786,0.0006103515,0
787,0.0006103515,0
788,0.0003051757,-0.301030066818802
789,0.0006103515,0
790,0.0003051758,-0.301029924509172
791,-0.0003051758,NA
792,0,-Inf
793,0,-Inf
794,0.0003051758,-0.301029924509172
795,0.0003051757,-0.301030066818802
796,0.0006103515,0
797,0.0006103515,0
798,0.0006103515,0
799,0.0003051758,-0.301029924509172
800,0.0009155273,0.176091282773952
801,0.0006103516,7.115480932346e-08
802,0.0003051758,-0.301029924509172
803,0.0006103515,0
804,0.0006103515,0
805,0.0003051758,-0.301029924509172
806,0.0003051757,-0.301030066818802
807,0.0003051758,-0.301029924509172
808,-0.0003051758,NA
809,0,-Inf
810,0,-Inf
811,0,-Inf
812,0.0006103515,0
813,0,-Inf
814,0.0003051757,-0.301030066818802
815,0.0003051758,-0.301029924509172
816,0.0003051758,-0.301029924509172
817,0.0006103516,7.115480932346e-08
818,0.0003051758,-0.301029924509172
819,0.0009155273,0.176091282773952
820,0.0003051758,-0.301029924509172
821,0.0006103515,0
822,0.0003051757,-0.301030066818802
823,0,-Inf
824,0,-Inf
825,0,-Inf
826,0,-Inf
827,-0.0006103515,NA
828,0.0003051758,-0.301029924509172
829,0.0003051758,-0.301029924509172
830,0.0003051758,-0.301029924509172
831,0.0006103515,0
832,0.0006103515,0
833,0.0003051758,-0.301029924509172
834,0.0006103516,7.115480932346e-08
835,0.0006103515,0
836,0.0006103515,0
837,0.0003051758,-0.301029924509172
838,0,-Inf
839,0.0006103515,0
840,0.0003051758,-0.301029924509172
841,0,-Inf
842,0,-Inf
843,0,-Inf
844,0,-Inf
845,0.0003051758,-0.301029924509172
846,0.0006103515,0
847,0.0006103515,0
848,0.0006103515,0
849,0.0003051758,-0.301029924509172
850,0.0009155273,0.176091282773952
851,0.0003051758,-0.301029924509172
852,0.0006103515,0
853,0.0006103515,0
854,0.0003051758,-0.301029924509172
855,0,-Inf
856,0.0006103515,0
857,0,-Inf
858,0,-Inf
859,0,-Inf
860,0.0003051758,-0.301029924509172
861,0.0003051758,-0.301029924509172
862,0.0003051758,-0.301029924509172
863,0.0003051757,-0.301030066818802
864,0.0003051758,-0.301029924509172
865,0.0006103515,0
866,0.0003051758,-0.301029924509172
867,0.0006103516,7.115480932346e-08
868,0.0006103516,7.115480932346e-08
869,0.0006103515,0
870,0.0006103515,0
871,0.0003051757,-0.301030066818802
872,0.0006103515,0
873,0,-Inf
874,0,-Inf
875,0,-Inf
876,0,-Inf
877,0,-Inf
878,0.0003051758,-0.301029924509172
879,0.0003051757,-0.301030066818802
880,0.0006103515,0
881,0.0006103515,0
882,0.0009155273,0.176091282773952
883,0.0006103516,7.115480932346e-08
884,0,-Inf
885,0.0006103515,0
886,0.0006103515,0
887,0.0003051757,-0.301030066818802
888,0.0003051758,-0.301029924509172
889,0.0003051758,-0.301029924509172
890,0.0003051758,-0.301029924509172
891,0.0003051758,-0.301029924509172
892,0,-Inf
893,0.0003051758,-0.301029924509172
894,-0.0003051758,NA
895,0.0003051757,-0.301030066818802
896,0.0003051757,-0.301030066818802
897,0.0006103515,0
898,0.0003051758,-0.301029924509172
899,0.0006103515,0
900,0.0006103516,7.115480932346e-08
901,0.0006103516,7.115480932346e-08
902,0.0006103515,0
903,0.0006103515,0
904,0.0006103515,0
905,0.0003051758,-0.301029924509172
906,0.0006103515,0
907,0,-Inf
908,0,-Inf
909,0,-Inf
910,0.0003051758,-0.301029924509172
911,0,-Inf
912,0.0006103515,0
913,0.0006103515,0
914,0.0006103515,0
915,0.0006103515,0
916,0.0003051758,-0.301029924509172
917,0.0003051758,-0.301029924509172
918,0.0009155273,0.176091282773952
919,0.0003051758,-0.301029924509172
920,0.0006103515,0
921,0.0006103515,0
922,0,-Inf
923,0.0003051758,-0.301029924509172
924,-0.0003051758,NA
925,-0.0003051758,NA
926,0,-Inf
927,0.0003051758,-0.301029924509172
928,0,-Inf
929,0.0006103515,0
930,0,-Inf
931,0.0006103515,0
932,0.0006103515,0
933,0.0009155273,0.176091282773952
934,0.0006103516,7.115480932346e-08
935,0.0006103515,0
936,0.0006103515,0
937,0.0006103515,0
938,0.0003051758,-0.301029924509172
939,0.0003051758,-0.301029924509172
940,0,-Inf
941,0.0003051758,-0.301029924509172
942,0,-Inf
943,0,-Inf
944,0.0003051758,-0.301029924509172
945,0.0003051758,-0.301029924509172
946,0.0006103515,0
947,0.0003051757,-0.301030066818802
948,0.0006103515,0
949,0.0006103515,0
950,0.0003051758,-0.301029924509172
951,0.0006103516,7.115480932346e-08
952,0.0009155273,0.176091282773952
953,0.0003051758,-0.301029924509172
954,0.0003051758,-0.301029924509172
955,0.0003051757,-0.301030066818802
956,0.0006103515,0
957,0,-Inf
958,0,-Inf
959,-0.0003051758,NA
960,0.0003051758,-0.301029924509172
961,0.0003051758,-0.301029924509172
962,0.0006103515,0
963,0.0006103515,0
964,0.0003051758,-0.301029924509172
965,0.0006103515,0
966,0.0006103516,7.115480932346e-08
967,0.0006103516,7.115480932346e-08
968,0.0009155273,0.176091282773952
969,0.0006103515,0
970,0.0003051758,-0.301029924509172
971,0,-Inf
972,0.0006103515,0
973,0,-Inf
974,0,-Inf
975,0,-Inf
976,0.0003051758,-0.301029924509172
977,0,-Inf
978,0,-Inf
979,0.0003051758,-0.301029924509172
980,0.0006103515,0
981,0,-Inf
982,0.0006103515,0
983,0.0006103516,7.115480932346e-08
984,0.0006103516,7.115480932346e-08
985,0.0006103515,0
986,0.0006103515,0
987,0.0006103515,0
988,0,-Inf
989,0.0006103515,0
990,0,-Inf
991,0,-Inf
992,0,-Inf
993,0.0003051758,-0.301029924509172
994,0.0003051758,-0.301029924509172
995,0.0003051757,-0.301030066818802
996,0.0006103515,0
997,0.0006103515,0
998,0.0006103515,0
999,0.0006103515,0
1000,0.0006103516,7.115480932346e-08
1001,0.0009155273,0.176091282773952
1002,0.0006103515,0
1003,0.0003051758,-0.301029924509172
1004,0.0006103515,0
1005,0,-Inf
1006,0.0003051757,-0.301030066818802
1007,-0.0003051758,NA
1008,0,-Inf
1009,0,-Inf
1010,0.0003051758,-0.301029924509172
1011,0.0006103515,0
1012,0,-Inf
1013,0.0006103515,0
1014,0.0003051757,-0.301030066818802
1015,0.0003051758,-0.301029924509172
1016,0.0003051758,-0.301029924509172
1017,0.0003051758,-0.301029924509172
1018,0.0009155273,0.176091282773952
1019,0.0006103515,0
1020,0.0006103515,0
1021,0.0003051757,-0.301030066818802
1022,0.0003051758,-0.301029924509172
1023,0,-Inf
1024,-0.0003051758,NA
1025,0,-Inf
1026,0,-Inf
1027,0.0003051758,-0.301029924509172
1028,0.0003051758,-0.301029924509172
1029,0,-Inf
1030,0.0006103515,0
1031,0.0006103515,0
1032,0.0006103515,0
1033,0.0006103516,7.115480932346e-08
1034,0.0006103516,7.115480932346e-08
1035,0.0006103515,0
1036,0.0006103515,0
1037,0.0006103515,0
1038,0,-Inf
1039,0,-Inf
1040,0.0003051758,-0.301029924509172
1041,0,-Inf
1042,0,-Inf
1043,0.0003051758,-0.301029924509172
1044,0.0003051757,-0.301030066818802
1045,0,-Inf
1046,0.0006103515,0
1047,0.0003051758,-0.301029924509172
1048,0.0006103515,0
1049,0.0006103515,0
1050,0.0006103515,0
1051,0.0009155273,0.176091282773952
1052,0.0006103515,0
1053,0.0006103515,0
1054,0.0006103515,0
1055,0.0006103515,0
1056,0.0003051758,-0.301029924509172
1057,0,-Inf
1058,0,-Inf
1059,0,-Inf
1060,0.0003051758,-0.301029924509172
1061,0,-Inf
1062,0.0003051757,-0.301030066818802
1063,0.0003051758,-0.301029924509172
1064,0.0006103515,0
1065,0.0006103515,0
1066,0.0006103515,0
1067,0.0006103516,7.115480932346e-08
1068,0.0006103516,7.115480932346e-08
1069,0.0009155275,0.176091377647024
1070,0.0006103515,0
1071,0.0003051757,-0.301030066818802
1072,0.0003051757,-0.301030066818802
1073,0,-Inf
1074,0.0003051758,-0.301029924509172
1075,0,-Inf
1076,0.0003051758,-0.301029924509172
1077,-0.0003051758,NA
1078,0,-Inf
1079,0,-Inf
1080,0.0006103515,0
1081,0,-Inf
1082,0.0006103515,0
1083,0.0003051758,-0.301029924509172
1084,0.0006103516,7.115480932346e-08
1085,0.0006103515,0
1086,0.0006103515,0
1087,0.0006103515,0
1088,0,-Inf
1089,0.0003051757,-0.301030066818802
1090,0.0003051758,-0.301029924509172
1091,-0.0003051758,NA
1092,0,-Inf
1093,-0.0003051758,NA
1094,0,-Inf
1095,0,-Inf
1096,0.0006103515,0
1097,0.0003051757,-0.301030066818802
1098,0.0006103515,0
1099,0.0006103516,7.115480932346e-08
1100,0.0006103516,7.115480932346e-08
1101,0.0003051758,-0.301029924509172
1102,0.0003051758,-0.301029924509172
1103,0.0006103515,0
1104,0.0006103515,0
1105,0.0006103515,0
1106,0,-Inf
1107,0,-Inf
1108,-0.0006103516,NA
1109,0.0003051758,-0.301029924509172
1110,0,-Inf
1111,0,-Inf
1112,0,-Inf
1113,0.0006103515,0
1114,0.0006103515,0
1115,0.0003051758,-0.301029924509172
1116,0.0003051758,-0.301029924509172
1117,0.0003051758,-0.301029924509172
1118,0.0009155273,0.176091282773952
1119,0.0006103515,0
1120,0.0003051757,-0.301030066818802
1121,0.0006103515,0
1122,0,-Inf
1123,0.0003051758,-0.301029924509172
1124,-0.0003051758,NA
1125,-0.0003051758,NA
1126,0,-Inf
1127,0.0003051758,-0.301029924509172
1128,0.0003051758,-0.301029924509172
1129,0.0003051758,-0.301029924509172
1130,0.0003051757,-0.301030066818802
1131,0.0006103515,0
1132,0.0006103516,7.115480932346e-08
1133,0.0009155273,0.176091282773952
1134,0.0003051758,-0.301029924509172
1135,0.0006103516,7.115480932346e-08
1136,0.0003051758,-0.301029924509172
1137,0.0006103515,0
1138,0.0003051758,-0.301029924509172
1139,0,-Inf
1140,0.0003051758,-0.301029924509172
1141,0,-Inf
1142,0,-Inf
1143,0.0003051758,-0.301029924509172
1144,0,-Inf
1145,0,-Inf
1146,0.0006103515,0
1147,0.0003051758,-0.301029924509172
1148,0.0006103515,0
1149,0.0003051758,-0.301029924509172
1150,0.0006103516,7.115480932346e-08
1151,0.0006103515,0
1152,0.0006103515,0
1153,0,-Inf
1154,0.0006103515,0
1155,0.0003051757,-0.301030066818802
1156,0.0003051758,-0.301029924509172
1157,-0.0003051758,NA
1158,0,-Inf
1159,0,-Inf
1160,0.0003051758,-0.301029924509172
1161,0,-Inf
1162,0.0003051757,-0.301030066818802
1163,0.0003051758,-0.301029924509172
1164,0.0006103515,0
1165,0.0006103515,0
1166,0.0006103516,7.115480932346e-08
1167,0.0006103516,7.115480932346e-08
1168,0.0003051758,-0.301029924509172
1169,0.0006103516,7.115480932346e-08
1170,0.0006103515,0
1171,0.0006103515,0
1172,0,-Inf
1173,0,-Inf
1174,0,-Inf
1175,0,-Inf
1176,0,-Inf
1177,0.0003051758,-0.301029924509172
1178,0.0003051758,-0.301029924509172
1179,0.0003051757,-0.301030066818802
1180,0.0006103515,0
1181,0.0006103515,0
1182,0.0006103515,0
1183,0.0006103516,7.115480932346e-08
1184,0.0009155273,0.176091282773952
1185,0.0006103515,0
1186,0.0009155273,0.176091282773952
1187,0.0006103515,0
1188,0.0003051757,-0.301030066818802
1189,0,-Inf
1190,-0.0003051758,NA
1191,0.0003051758,-0.301029924509172
1192,0,-Inf
1193,0,-Inf
1194,0,-Inf
1195,0.0003051758,-0.301029924509172
1196,0,-Inf
1197,0.0003051757,-0.301030066818802
1198,0.0003051758,-0.301029924509172
1199,0.0009155273,0.176091282773952
1200,0.0006103516,7.115480932346e-08
1201,0.0003051758,-0.301029924509172
1202,0.0003051758,-0.301029924509172
1203,0.0006103515,0
1204,0.0003051757,-0.301030066818802
1205,0.0006103515,0
1206,0,-Inf
1207,0,-Inf
1208,0,-Inf
1209,0,-Inf
1210,0.0003051758,-0.301029924509172
1211,0,-Inf
1212,0.0003051757,-0.301030066818802
1213,0,-Inf
1214,0.0006103515,0
1215,0.0003051758,-0.301029924509172
1216,0.0006103516,7.115480932346e-08
1217,0.0006103516,7.115480932346e-08
1218,0.0006103515,0
1219,0,-Inf
1220,0,-Inf
1221,0.0006103515,0
1222,0.0003051757,-0.301030066818802
1223,0.0003051758,-0.301029924509172
1224,0,-Inf
1225,0,-Inf
1226,0.0003051758,-0.301029924509172
1227,0.0003051758,-0.301029924509172
1228,0,-Inf
1229,0.0003051758,-0.301029924509172
1230,0.0006103515,0
1231,0.0006103515,0
1232,0.0006103515,0
1233,0.001220703,0.301029995663981
1234,0,-Inf
1235,0.0003051758,-0.301029924509172
1236,0.0003051758,-0.301029924509172
1237,0.0006103515,0
1238,0.0006103515,0
1239,0.0003051757,-0.301030066818802
1240,0,-Inf
1241,0,-Inf
1242,0.0003051758,-0.301029924509172
1243,0.0003051758,-0.301029924509172
1244,0,-Inf
1245,0,-Inf
1246,0.0006103515,0
1247,0.0003051758,-0.301029924509172
1248,0.0006103515,0
1249,0.0006103515,0
1250,0.0006103516,7.115480932346e-08
1251,0.0006103516,7.115480932346e-08
1252,0.0006103515,0
1253,0.0006103515,0
1254,0,-Inf
1255,0,-Inf
1256,0,-Inf
1257,-0.0003051758,NA
1258,-0.0003051758,NA
1259,-0.0003051758,NA
1260,0.0003051758,-0.301029924509172
1261,0,-Inf
1262,0.0003051757,-0.301030066818802
1263,0.0003051757,-0.301030066818802
1264,0.0006103515,0
1265,0.0006103515,0
1266,0.0009155273,0.176091282773952
1267,0.0006103516,7.115480932346e-08
1268,0.0003051758,-0.301029924509172
1269,0.0009155273,0.176091282773952
1270,0.0006103515,0
1271,0.0003051757,-0.301030066818802
1272,0,-Inf
1273,0.0003051758,-0.301029924509172
1274,-0.0003051758,NA
1275,0,-Inf
1276,0.0003051758,-0.301029924509172
1277,0,-Inf
1278,0,-Inf
1279,0.0003051757,-0.301030066818802
1280,0.0003051758,-0.301029924509172
1281,0.0006103515,0
1282,0.0003051758,-0.301029924509172
1283,0.0006103515,0
1284,0.0006103516,7.115480932346e-08
1285,0.0003051758,-0.301029924509172
1286,0.0006103515,0
1287,0.0006103515,0
1288,0.0006103515,0
1289,0.0003051757,-0.301030066818802
1290,0,-Inf
1291,-0.0003051758,NA
1292,0,-Inf
1293,0,-Inf
1294,0.0003051758,-0.301029924509172
1295,0,-Inf
1296,0,-Inf
1297,0.0006103515,0
1298,0.0003051758,-0.301029924509172
1299,0.0003051758,-0.301029924509172
1300,0.0003051758,-0.301029924509172
1301,0.0006103515,0
1302,0.0003051758,-0.301029924509172
1303,0.0003051758,-0.301029924509172
1304,0.0006103515,0
1305,0.0003051757,-0.301030066818802
1306,0,-Inf
1307,0,-Inf
1308,-0.0003051758,NA
1309,0.0003051758,-0.301029924509172
1310,0.0003051758,-0.301029924509172
1311,0.0006103515,0
1312,0,-Inf
1313,0.0003051758,-0.301029924509172
1314,0.0006103515,0
1315,0.0003051758,-0.301029924509172
1316,0.0009155273,0.176091282773952
1317,0.0006103516,7.115480932346e-08
1318,0.0003051758,-0.301029924509172
1319,0.0006103515,0
1320,0.0003051757,-0.301030066818802
1321,0.0006103515,0
1322,0,-Inf
1323,0,-Inf
1324,0,-Inf
1325,0.0003051758,-0.301029924509172
1326,0,-Inf
1327,0,-Inf
1328,0.0003051758,-0.301029924509172
1329,0.0003051758,-0.301029924509172
1330,0.0003051757,-0.301030066818802
1331,0.0006103515,0
1332,0.0009155273,0.176091282773952
1333,0.0006103516,7.115480932346e-08
1334,0.0003051758,-0.301029924509172
1335,0.0003051758,-0.301029924509172
1336,0.0003051758,-0.301029924509172
1337,0.0006103515,0
1338,0.0003051757,-0.301030066818802
1339,0.0003051758,-0.301029924509172
1340,-0.0003051758,NA
1341,0,-Inf
1342,0,-Inf
1343,-0.0003051758,NA
1344,0.0003051758,-0.301029924509172
1345,0.0003051758,-0.301029924509172
1346,0.0003051757,-0.301030066818802
1347,0,-Inf
1348,0.0006103515,0
1349,0.0006103516,7.115480932346e-08
1350,0.0006103516,7.115480932346e-08
1351,0.0006103516,7.115480932346e-08
1352,0,-Inf
1353,0.0006103515,0
1354,0.0003051757,-0.301030066818802
1355,0,-Inf
1356,0,-Inf
1357,0.0003051758,-0.301029924509172
1358,0,-Inf
1359,0,-Inf
1360,0,-Inf
1361,0,-Inf
1362,0.0003051758,-0.301029924509172
1363,0.0003051757,-0.301030066818802
1364,0,-Inf
1365,0.0003051758,-0.301029924509172
1366,0.0009155273,0.176091282773952
1367,0.0003051758,-0.301029924509172
1368,0.0009155273,0.176091282773952
1369,0.0006103516,7.115480932346e-08
1370,0.0003051758,-0.301029924509172
1371,0.0003051758,-0.301029924509172
1372,0,-Inf
1373,0.0003051758,-0.301029924509172
1374,0.0003051758,-0.301029924509172
1375,0,-Inf
1376,0.0003051758,-0.301029924509172
1377,0,-Inf
1378,0.0006103515,0
1379,0.0003051758,-0.301029924509172
1380,0,-Inf
1381,0.0003051757,-0.301030066818802
1382,0.0006103515,0
1383,0.0009155273,0.176091282773952
1384,0.0006103516,7.115480932346e-08
1385,0.0003051758,-0.301029924509172
1386,0.0003051758,-0.301029924509172
1387,0.0003051757,-0.301030066818802
1388,0.0006103515,0
1389,0.0003051757,-0.301030066818802
1390,0.0003051758,-0.301029924509172
1391,0,-Inf
1392,0.0003051758,-0.301029924509172
1393,0.0003051758,-0.301029924509172
1394,0,-Inf
1395,0,-Inf
1396,0.0003051757,-0.301030066818802
1397,0.0003051757,-0.301030066818802
1398,0.0006103515,0
1399,0.0006103516,7.115480932346e-08
1400,0.0006103516,7.115480932346e-08
1401,0.0006103515,0
1402,0.0009155273,0.176091282773952
1403,0.0006103515,0
1404,0.0003051758,-0.301029924509172
1405,0,-Inf
1406,0,-Inf
1407,0,-Inf
1408,-0.0003051758,NA
1409,0,-Inf
1410,0.0003051758,-0.301029924509172
1411,0,-Inf
1412,0.0006103515,0
1413,0,-Inf
1414,0.0006103515,0
1415,0.0003051758,-0.301029924509172
1416,0.0006103515,0
1417,0.0009155273,0.176091282773952
1418,0.0003051758,-0.301029924509172
1419,0.0003051758,-0.301029924509172
1420,0.0003051758,-0.301029924509172
1421,0,-Inf
1422,0.0006103515,0
1423,0,-Inf
1424,0,-Inf
1425,0,-Inf
1426,0,-Inf
1427,0,-Inf
1428,0.0003051758,-0.301029924509172
1429,0,-Inf
1430,0.0003051757,-0.301030066818802
1431,0.0003051758,-0.301029924509172
1432,0.0003051758,-0.301029924509172
1433,0.0006103516,7.115480932346e-08
1434,0.0003051758,-0.301029924509172
1435,0.0003051758,-0.301029924509172
1436,0.0006103515,0
1437,0.0003051757,-0.301030066818802
1438,0,-Inf
1439,0,-Inf
1440,0.0003051758,-0.301029924509172
1441,0,-Inf
1442,0,-Inf
1443,0.0003051758,-0.301029924509172
1444,0,-Inf
1445,0.0003051757,-0.301030066818802
1446,0.0003051758,-0.301029924509172
1447,0.0003051758,-0.301029924509172
1448,0.0006103515,0
1449,0.0003051758,-0.301029924509172
1450,0.0006103515,0
1451,0.0003051758,-0.301029924509172
1452,0.0006103515,0
1453,0.0003051757,-0.301030066818802
1454,0.0003051758,-0.301029924509172
1455,0,-Inf
1456,0.0003051758,-0.301029924509172
1457,0,-Inf
1458,0.0003051758,-0.301029924509172
1459,0.0003051758,-0.301029924509172
1460,-0.0003051758,NA
1461,0.0003051757,-0.301030066818802
1462,0,-Inf
1463,0.0003051758,-0.301029924509172
1464,0.0006103515,0
1465,0.0006103515,0
1466,0.0006103515,0
1467,0.0003051758,-0.301029924509172
1468,0.0009155273,0.176091282773952
1469,0.0003051758,-0.301029924509172
1470,0.0003051758,-0.301029924509172
1471,0.0003051757,-0.301030066818802
1472,0.0006103515,0
1473,0.0003051758,-0.301029924509172
1474,-0.0003051758,NA
1475,0,-Inf
1476,-0.0003051758,NA
1477,0,-Inf
1478,0.0003051757,-0.301030066818802
1479,0,-Inf
1480,0.0006103515,0
1481,0.0003051758,-0.301029924509172
1482,0.0009155273,0.176091282773952
1483,0.0006103516,7.115480932346e-08
1484,0.0009155273,0.176091282773952
1485,0.0003051758,-0.301029924509172
1486,0.0006103515,0
1487,0.0006103515,0
1488,0.0003051757,-0.301030066818802
1489,0.0003051758,-0.301029924509172
1490,-0.0003051758,NA
1491,0,-Inf
1492,0,-Inf
1493,0,-Inf
1494,0,-Inf
1495,0,-Inf
1496,0.0006103515,0
1497,0,-Inf
1498,0.0006103515,0
1499,0.0006103515,0
1500,0.0003051758,-0.301029924509172
1501,0.0006103516,7.115480932346e-08
1502,0.0006103515,0
1503,0.0003051758,-0.301029924509172
1504,0,-Inf
1505,0.0003051758,-0.301029924509172
1506,0.0006103515,0
1507,0.0003051758,-0.301029924509172
1508,0,-Inf
1509,0,-Inf
1510,0,-Inf
1511,0,-Inf
1512,0.0003051758,-0.301029924509172
1513,0.0006103515,0
1514,0.0006103515,0
1515,0.0006103515,0
1516,0.0006103516,7.115480932346e-08
1517,0.0003051758,-0.301029924509172
1518,0.0006103516,7.115480932346e-08
1519,0.0003051758,-0.301029924509172
1520,0.0006103515,0
1521,0,-Inf
1522,0.0006103515,0
1523,0.0003051758,-0.301029924509172
1524,0.0003051758,-0.301029924509172
1525,0,-Inf
1526,0,-Inf
1527,0.0003051758,-0.301029924509172
1528,0.0003051758,-0.301029924509172
1529,0,-Inf
1530,0.0006103515,0
1531,0.0003051758,-0.301029924509172
1532,0.0009155273,0.176091282773952
1533,0.0006103516,7.115480932346e-08
1534,0.0006103516,7.115480932346e-08
1535,0.0003051758,-0.301029924509172
1536,0.0003051758,-0.301029924509172
1537,0.0006103515,0
1538,0,-Inf
1539,0.0006103515,0
1540,0,-Inf
1541,-0.0003051758,NA
1542,0,-Inf
1543,0,-Inf
1544,0,-Inf
1545,0.0003051758,-0.301029924509172
1546,0.0003051757,-0.301030066818802
1547,0.0003051758,-0.301029924509172
1548,0.0006103515,0
1549,0.0006103515,0
1550,0.0006103516,7.115480932346e-08
1551,0.0006103515,0
1552,0.0006103515,0
1553,0.0006103515,0
1554,0.0003051758,-0.301029924509172
1555,0.0003051758,-0.301029924509172
1556,0.0006103515,0
1557,0.0003051758,-0.301029924509172
1558,0,-Inf
1559,0,-Inf
1560,0,-Inf
1561,0,-Inf
1562,0.0003051757,-0.301030066818802
1563,0,-Inf
1564,0.0006103515,0
1565,0.0009155273,0.176091282773952
1566,0.0006103516,7.115480932346e-08
1567,0.0006103516,7.115480932346e-08
1568,0.0003051758,-0.301029924509172
1569,0.0006103515,0
1570,0.0003051757,-0.301030066818802
1571,0.0003051758,-0.301029924509172
1572,0.0003051757,-0.301030066818802
1573,0.0003051758,-0.301029924509172
1574,0,-Inf
1575,0,-Inf
1576,0,-Inf
1577,0,-Inf
1578,0.0006103515,0
1579,0.0003051758,-0.301029924509172
1580,0.0006103515,0
1581,0.0006103515,0
1582,0.0009155273,0.176091282773952
1583,0.0006103516,7.115480932346e-08
1584,0.0006103516,7.115480932346e-08
1585,0.0003051758,-0.301029924509172
1586,0.0006103515,0
1587,0.0006103515,0
1588,0,-Inf
1589,0.0006103515,0
1590,0.0003051758,-0.301029924509172
1591,0.0003051758,-0.301029924509172
1592,0,-Inf
1593,-0.0003051758,NA
1594,0,-Inf
1595,0,-Inf
1596,0.0006103515,0
1597,0.0006103515,0
1598,0.0006103515,0
1599,0.0003051758,-0.301029924509172
1600,0.0003051758,-0.301029924509172
1601,0.0003051758,-0.301029924509172
1602,0.0006103516,7.115480932346e-08
1603,0.0006103515,0
1604,0.0003051758,-0.301029924509172
1605,0,-Inf
1606,0.0003051758,-0.301029924509172
1607,0,-Inf
1608,0,-Inf
1609,0.0003051758,-0.301029924509172
1610,0.0003051758,-0.301029924509172
1611,0,-Inf
1612,0,-Inf
1613,0.0006103515,0
1614,0.0006103515,0
1615,0.0003051758,-0.301029924509172
1616,0.0009155273,0.176091282773952
1617,0.0006103516,7.115480932346e-08
1618,0.0003051758,-0.301029924509172
1619,0.0003051758,-0.301029924509172
1620,0.0003051757,-0.301030066818802
1621,0,-Inf
1622,0.0003051758,-0.301029924509172
1623,0.0003051758,-0.301029924509172
1624,0.0003051758,-0.301029924509172
1625,0,-Inf
1626,-0.0003051758,NA
1627,0.0003051758,-0.301029924509172
1628,0.0006103515,0
1629,0.0006103515,0
1630,0,-Inf
1631,0.0006103515,0
1632,0.0009155273,0.176091282773952
1633,0.0006103516,7.115480932346e-08
1634,0.0003051758,-0.301029924509172
1635,0.0006103516,7.115480932346e-08
1636,0,-Inf
1637,0.0006103515,0
1638,0.0003051757,-0.301030066818802
1639,0.0003051758,-0.301029924509172
1640,-0.0003051758,NA
1641,-0.0003051758,NA
1642,0,-Inf
1643,0,-Inf
1644,0,-Inf
1645,0.0003051758,-0.301029924509172
1646,0.0003051758,-0.301029924509172
1647,0.0006103515,0
1648,0.0006103515,0
1649,0.0009155273,0.176091282773952
1650,0.0006103516,7.115480932346e-08
1651,0.0006103516,7.115480932346e-08
1652,0.0003051758,-0.301029924509172
1653,0.0006103515,0
1654,0.0003051758,-0.301029924509172
1655,0,-Inf
1656,0.0003051758,-0.301029924509172
1657,0,-Inf
1658,0,-Inf
1659,-0.0003051758,NA
1660,0,-Inf
1661,0,-Inf
1662,0.0006103515,0
1663,0.0003051758,-0.301029924509172
1664,0.0003051758,-0.301029924509172
1665,0.0009155273,0.176091282773952
1666,0.0009155273,0.176091282773952
1667,0.0006103516,7.115480932346e-08
1668,0.0003051758,-0.301029924509172
1669,0.0003051758,-0.301029924509172
1670,0.0006103515,0
1671,0.0006103515,0
1672,0.0003051757,-0.301030066818802
1673,0.0003051758,-0.301029924509172
1674,-0.0003051758,NA
1675,0,-Inf
1676,0,-Inf
1677,0,-Inf
1678,0.0003051758,-0.301029924509172
1679,0.0006103515,0
1680,0.0003051757,-0.301030066818802
1681,0.0006103515,0
1682,0.0006103515,0
1683,0.0006103516,7.115480932346e-08
1684,0.0009155273,0.176091282773952
1685,0.0006103515,0
1686,0.0006103515,0
1687,0.0003051758,-0.301029924509172
1688,0.0003051757,-0.301030066818802
1689,0.0006103515,0
1690,0.0003051758,-0.301029924509172
1691,-0.0003051758,NA
1692,0.0003051758,-0.301029924509172
1693,-0.0003051758,NA
1694,0.0003051758,-0.301029924509172
1695,0,-Inf
1696,0.0003051758,-0.301029924509172
1697,0.0003051758,-0.301029924509172
1698,0.0003051758,-0.301029924509172
1699,0.0006103515,0
1700,0.0006103516,7.115480932346e-08
1701,0.0003051758,-0.301029924509172
1702,0.0003051758,-0.301029924509172
1703,0.0006103515,0
1704,0.0006103515,0
1705,0.0003051758,-0.301029924509172
1706,0,-Inf
1707,0,-Inf
1708,0,-Inf
1709,0,-Inf
1710,0,-Inf
1711,0.0003051757,-0.301030066818802
1712,0,-Inf
1713,0.0003051758,-0.301029924509172
1714,0.0003051758,-0.301029924509172
1715,0.0003051758,-0.301029924509172
1716,0.0006103515,0
1717,0.0006103516,7.115480932346e-08
1718,0.0006103515,0
1719,0.0006103515,0
1720,0.0003051758,-0.301029924509172
1721,0.0003051757,-0.301030066818802
1722,0.0003051758,-0.301029924509172
1723,0,-Inf
1724,0.0003051758,-0.301029924509172
1725,0,-Inf
1726,0.0003051758,-0.301029924509172
1727,0,-Inf
1728,0.0006103515,0
1729,0.0006103515,0
1730,0,-Inf
1731,0.0006103515,0
1732,0.0003051758,-0.301029924509172
1733,0.0006103516,7.115480932346e-08
1734,0.0006103515,0
1735,0.0003051758,-0.301029924509172
1736,0.0003051758,-0.301029924509172
1737,0.0006103515,0
1738,0.0006103515,0
1739,0.0003051757,-0.301030066818802
1740,0,-Inf
1741,0.0003051758,-0.301029924509172
1742,0,-Inf
1743,0,-Inf
1744,0.0003051758,-0.301029924509172
1745,0.0003051758,-0.301029924509172
1746,0.0006103515,0
1747,0.0003051758,-0.301029924509172
1748,0.0006103515,0
1749,0.0006103516,7.115480932346e-08
1750,0.0006103516,7.115480932346e-08
1751,0.0006103515,0
1752,0.0006103515,0
1753,0.0006103515,0
1754,0.0003051758,-0.301029924509172
1755,0.0003051758,-0.301029924509172
1756,0,-Inf
1757,0,-Inf
1758,0,-Inf
1759,0,-Inf
1760,0.0003051758,-0.301029924509172
1761,0.0006103515,0
1762,0.0006103515,0
1763,0.0006103515,0
1764,0.0003051758,-0.301029924509172
1765,0.0009155273,0.176091282773952
1766,0.0006103516,7.115480932346e-08
1767,0.0006103516,7.115480932346e-08
1768,0.0003051758,-0.301029924509172
1769,0.0003051758,-0.301029924509172
1770,0.0003051758,-0.301029924509172
1771,0.0006103515,0
1772,0.0003051757,-0.301030066818802
1773,0.0003051758,-0.301029924509172
1774,0,-Inf
1775,0,-Inf
1776,0.0003051758,-0.301029924509172
1777,0,-Inf
1778,0,-Inf
1779,0.0003051757,-0.301030066818802
1780,0.0003051758,-0.301029924509172
1781,0.0006103515,0
1782,0.0009155273,0.176091282773952
1783,0.0006103516,7.115480932346e-08
1784,0.0006103516,7.115480932346e-08
1785,0.0003051758,-0.301029924509172
1786,0.0003051758,-0.301029924509172
1787,0.0006103515,0
1788,0.0003051757,-0.301030066818802
1789,0.0003051758,-0.301029924509172
1790,0.0003051758,-0.301029924509172
1791,0,-Inf
1792,0.0003051758,-0.301029924509172
1793,0,-Inf
1794,-0.0003051758,NA
1795,0.0003051758,-0.301029924509172
1796,0.0006103515,0
1797,0.0006103515,0
1798,0.0003051758,-0.301029924509172
1799,0.0006103515,0
1800,0.0006103516,7.115480932346e-08
1801,0.0006103515,0
1802,0.0003051758,-0.301029924509172
1803,0,-Inf
1804,0.0006103515,0
1805,0.0003051758,-0.301029924509172
1806,0,-Inf
1807,0.0003051758,-0.301029924509172
1808,0,-Inf
1809,0,-Inf
1810,-0.0003051758,NA
1811,0.0003051757,-0.301030066818802
1812,0,-Inf
1813,0,-Inf
1814,0.0006103515,0
1815,0.0006103516,7.115480932346e-08
1816,0.0006103516,7.115480932346e-08
1817,0.0006103516,7.115480932346e-08
1818,0.0003051758,-0.301029924509172
1819,0.0003051758,-0.301029924509172
1820,0.0009155273,0.176091282773952
1821,0.0006103515,0
1822,0.0003051757,-0.301030066818802
1823,0.0003051758,-0.301029924509172
1824,-0.0003051758,NA
1825,0,-Inf
1826,-0.0003051758,NA
1827,0,-Inf
1828,0.0006103515,0
1829,0.0006103515,0
1830,0.0003051758,-0.301029924509172
1831,0.0006103515,0
1832,0.0003051758,-0.301029924509172
1833,0.0003051758,-0.301029924509172
1834,0.0006103516,7.115480932346e-08
1835,0.0003051758,-0.301029924509172
1836,0.0003051757,-0.301030066818802
1837,0.0006103515,0
1838,0.0003051758,-0.301029924509172
1839,0,-Inf
1840,0,-Inf
1841,0,-Inf
1842,0,-Inf
1843,0.0003051758,-0.301029924509172
1844,0,-Inf
1845,0.0003051758,-0.301029924509172
1846,0.0006103515,0
1847,0.0003051757,-0.301030066818802
1848,0.0003051758,-0.301029924509172
1849,0.0006103516,7.115480932346e-08
1850,0.0006103516,7.115480932346e-08
1851,0.0003051758,-0.301029924509172
1852,0.0006103515,0
1853,0.0003051758,-0.301029924509172
1854,0,-Inf
1855,0.0003051758,-0.301029924509172
1856,0,-Inf
1857,0.0003051758,-0.301029924509172
1858,0,-Inf
1859,-0.0003051758,NA
1860,0.0003051758,-0.301029924509172
1861,0.0003051758,-0.301029924509172
1862,0.0006103515,0
1863,0,-Inf
1864,0.0006103515,0
1865,0.0006103515,0
1866,0.0009155273,0.176091282773952
1867,0.0006103516,7.115480932346e-08
1868,0.0003051758,-0.301029924509172
1869,0.0003051758,-0.301029924509172
1870,0,-Inf
1871,0.0003051757,-0.301030066818802
1872,0.0006103515,0
1873,0,-Inf
1874,-0.0003051758,NA
1875,0.0003051758,-0.301029924509172
1876,0.0003051758,-0.301029924509172
1877,0,-Inf
1878,0,-Inf
1879,0.0003051757,-0.301030066818802
1880,0.0006103515,0
1881,0.0006103515,0
1882,0.0009155273,0.176091282773952
1883,0.0006103516,7.115480932346e-08
1884,0.0003051758,-0.301029924509172
1885,0.0003051758,-0.301029924509172
1886,0.0006103515,0
1887,0,-Inf
1888,0,-Inf
1889,0,-Inf
1890,0.0003051758,-0.301029924509172
1891,-0.0003051758,NA
1892,0.0003051758,-0.301029924509172
1893,-0.0003051758,NA
1894,0,-Inf
1895,0.0003051757,-0.301030066818802
1896,0.0006103515,0
1897,0.0003051758,-0.301029924509172
1898,0.0009155273,0.176091282773952
1899,0.0003051758,-0.301029924509172
1900,0.0003051758,-0.301029924509172
1901,0.0003051758,-0.301029924509172
1902,0.0003051758,-0.301029924509172
1903,0.0006103515,0
1904,0.0003051758,-0.301029924509172
1905,0.0006103515,0
1906,0,-Inf
1907,0,-Inf
1908,0,-Inf
1909,0,-Inf
1910,0.0003051758,-0.301029924509172
1911,0.0003051758,-0.301029924509172
1912,0.0003051758,-0.301029924509172
1913,0.0006103515,0
1914,0.0006103515,0
1915,0.0006103516,7.115480932346e-08
1916,0.0006103516,7.115480932346e-08
1917,0.0006103516,7.115480932346e-08
1918,0.0003051758,-0.301029924509172
1919,0.0003051758,-0.301029924509172
1920,0.0003051758,-0.301029924509172
1921,0.0003051757,-0.301030066818802
1922,0.0003051757,-0.301030066818802
1923,0.0003051758,-0.301029924509172
1924,0.0003051758,-0.301029924509172
1925,-0.0003051758,NA
1926,0,-Inf
1927,0,-Inf
1928,0.0003051758,-0.301029924509172
1929,0.0003051758,-0.301029924509172
1930,0.0006103515,0
1931,0.0006103515,0
1932,0.0006103516,7.115480932346e-08
1933,0.0003051758,-0.301029924509172
1934,0.0006103516,7.115480932346e-08
1935,0.0006103515,0
1936,0.0003051758,-0.301029924509172
1937,0.0003051757,-0.301030066818802
1938,0.0003051758,-0.301029924509172
1939,0.0003051758,-0.301029924509172
1940,-0.0003051758,NA
1941,0,-Inf
1942,0,-Inf
1943,0.0003051758,-0.301029924509172
1944,0.0003051758,-0.301029924509172
1945,0.0006103515,0
1946,0.0006103515,0
1947,0.0003051758,-0.301029924509172
1948,0.0006103515,0
1949,0.0006103516,7.115480932346e-08
1950,0.0003051758,-0.301029924509172
1951,0.0003051758,-0.301029924509172
1952,0.0006103515,0
1953,0.0003051757,-0.301030066818802
1954,0.0006103515,0
1955,0.0003051757,-0.301030066818802
1956,0.0003051758,-0.301029924509172
1957,-0.0003051758,NA
1958,0,-Inf
1959,0,-Inf
1960,0,-Inf
1961,0,-Inf
1962,0.0003051758,-0.301029924509172
1963,0.0006103515,0
1964,0.0003051758,-0.301029924509172
1965,0.0009155273,0.176091282773952
1966,0.0006103515,0
1967,0.0003051758,-0.301029924509172
1968,0.0006103516,7.115480932346e-08
1969,0.0006103515,0
1970,0,-Inf
1971,0.0006103515,0
1972,0.0003051757,-0.301030066818802
1973,0,-Inf
1974,0.0003051758,-0.301029924509172
1975,0.0003051758,-0.301029924509172
1976,0.0003051758,-0.301029924509172
1977,0,-Inf
1978,0,-Inf
1979,0.0006103515,0
1980,0.0006103515,0
1981,0.0003051758,-0.301029924509172
1982,0.0006103515,0
1983,0.0003051758,-0.301029924509172
1984,0.0006103516,7.115480932346e-08
1985,0.0006103516,7.115480932346e-08
1986,0.0006103515,0
1987,0.0006103515,0
1988,0.0006103515,0
1989,0.0003051758,-0.301029924509172
1990,0,-Inf
1991,-0.0003051758,NA
1992,0.0003051758,-0.301029924509172
1993,0.0003051758,-0.301029924509172
1994,0.0003051758,-0.301029924509172
1995,0,-Inf
1996,0.0003051758,-0.301029924509172
1997,0.0006103515,0
1998,0.0003051758,-0.301029924509172
1999,0.0009155273,0.176091282773952
2000,0.0006103516,7.115480932346e-08
2001,0.0006103516,7.115480932346e-08
2002,0.0003051758,-0.301029924509172
2003,0.0003051757,-0.301030066818802
2004,0,-Inf
2005,0,-Inf
2006,0.0003051758,-0.301029924509172
2007,-0.0003051758,NA
2008,0,-Inf
2009,0,-Inf
2010,0,-Inf
2011,0.0003051758,-0.301029924509172
2012,0.0006103515,0
2013,0.0003051757,-0.301030066818802
2014,0.0006103515,0
2015,0.0006103515,0
2016,0.0006103516,7.115480932346e-08
2017,0.0003051758,-0.301029924509172
2018,0.0009155273,0.176091282773952
2019,0.0006103515,0
2020,0.0003051757,-0.301030066818802
2021,0.0003051758,-0.301029924509172
2022,0,-Inf
2023,0,-Inf
2024,0,-Inf
2025,0,-Inf
2026,0,-Inf
2027,0,-Inf
2028,0.0006103515,0
2029,0.0006103515,0
2030,0.0006103515,0
2031,0.0006103515,0
2032,0.0003051758,-0.301029924509172
2033,0.0003051758,-0.301029924509172
2034,0.0009155273,0.176091282773952
2035,0.0003051758,-0.301029924509172
2036,0.0006103515,0
2037,0.0006103515,0
2038,0.0003051758,-0.301029924509172
2039,0,-Inf
2040,-0.0003051758,NA
2041,-0.0003051758,NA
2042,0.0003051758,-0.301029924509172
2043,0,-Inf
2044,0.0003051758,-0.301029924509172
2045,0.0006103515,0
2046,0.0006103515,0
2047,0.0003051757,-0.301030066818802
2048,0.0006103515,0
2049,0.0006103515,0
2050,0.0006103516,7.115480932346e-08
2051,0.0006103516,7.115480932346e-08
2052,0.0006103515,0
2053,0.0006103515,0
2054,0.0003051758,-0.301029924509172
2055,0.0003051757,-0.301030066818802
2056,0.0003051758,-0.301029924509172
2057,0,-Inf
2058,0,-Inf
2059,0,-Inf
2060,0,-Inf
2061,0.0003051758,-0.301029924509172
2062,0.0006103515,0
2063,0.0006103515,0
2064,0,-Inf
2065,0.0006103516,7.115480932346e-08
2066,0.0006103516,7.115480932346e-08
2067,0.0003051758,-0.301029924509172
2068,0.0006103515,0
2069,0.0003051758,-0.301029924509172
2070,0.0003051758,-0.301029924509172
2071,0.0003051757,-0.301030066818802
2072,0.0006103515,0
2073,0.0003051758,-0.301029924509172
2074,0,-Inf
2075,0.0003051758,-0.301029924509172
2076,0.0003051758,-0.301029924509172
2077,0.0003051758,-0.301029924509172
2078,0,-Inf
2079,0,-Inf
2080,0.0006103515,0
2081,0.0003051758,-0.301029924509172
2082,0.0009155273,0.176091282773952
2083,0.0003051758,-0.301029924509172
2084,0.0003051758,-0.301029924509172
2085,0.0003051758,-0.301029924509172
2086,0.0006103515,0
2087,0.0003051757,-0.301030066818802
2088,0.0003051758,-0.301029924509172
2089,0,-Inf
2090,0,-Inf
2091,0,-Inf
2092,0,-Inf
2093,0.0003051758,-0.301029924509172
2094,0.0003051758,-0.301029924509172
2095,0.0003051757,-0.301030066818802
2096,0.0003051758,-0.301029924509172
2097,0.0003051757,-0.301030066818802
2098,0.0003051758,-0.301029924509172
2099,0.0006103515,0
2100,0.0006103516,7.115480932346e-08
2101,0.0006103515,0
2102,0.0006103515,0
2103,0.0006103515,0
2104,0,-Inf
2105,0,-Inf
2106,0.0003051758,-0.301029924509172
2107,0,-Inf
2108,0.0003051758,-0.301029924509172
2109,0,-Inf
2110,0.0003051758,-0.301029924509172
2111,0,-Inf
2112,0.0003051758,-0.301029924509172
2113,0.0006103515,0
2114,0.0003051758,-0.301029924509172
2115,0.0006103515,0
2116,0.0006103516,7.115480932346e-08
2117,0.0006103516,7.115480932346e-08
2118,0.0003051758,-0.301029924509172
2119,0.0006103515,0
2120,0,-Inf
2121,0.0003051758,-0.301029924509172
2122,0.0003051757,-0.301030066818802
2123,0.0003051758,-0.301029924509172
2124,0,-Inf
2125,0,-Inf
2126,0.0003051758,-0.301029924509172
2127,0.0003051758,-0.301029924509172
2128,0.0006103515,0
2129,0,-Inf
2130,0.0003051758,-0.301029924509172
2131,0.0006103515,0
2132,0.0006103516,7.115480932346e-08
2133,0.0009155273,0.176091282773952
2134,0.0009155273,0.176091282773952
2135,0.0003051758,-0.301029924509172
2136,0.0006103515,0
2137,0,-Inf
2138,0.0003051758,-0.301029924509172
2139,0,-Inf
2140,0.0003051758,-0.301029924509172
2141,0,-Inf
2142,0,-Inf
2143,0,-Inf
2144,0.0003051758,-0.301029924509172
2145,0.0006103515,0
2146,0.0006103515,0
2147,0.0006103515,0
2148,0.0003051758,-0.301029924509172
2149,0.0003051758,-0.301029924509172
2150,0.0003051758,-0.301029924509172
2151,0.0006103515,0
2152,0.0006103515,0
2153,0.0006103515,0
2154,0,-Inf
2155,0.0003051758,-0.301029924509172
2156,0,-Inf
2157,0.0003051758,-0.301029924509172
2158,0,-Inf
2159,0.0003051758,-0.301029924509172
2160,0,-Inf
2161,0.0003051757,-0.301030066818802
2162,0,-Inf
2163,0.0006103515,0
2164,0.0006103515,0
2165,0.0009155273,0.176091282773952
2166,0.0009155273,0.176091282773952
2167,0.0003051758,-0.301029924509172
2168,0.0006103515,0
2169,0.0006103515,0
2170,0.0003051757,-0.301030066818802
2171,0.0003051758,-0.301029924509172
2172,0,-Inf
2173,-0.0003051758,NA
2174,0,-Inf
2175,0,-Inf
2176,0.0003051758,-0.301029924509172
2177,0,-Inf
2178,0.0003051757,-0.301030066818802
2179,0.0006103515,0
2180,0.0003051758,-0.301029924509172
2181,0.0006103515,0
2182,0.0003051758,-0.301029924509172
2183,0.0003051758,-0.301029924509172
2184,0.0006103516,7.115480932346e-08
2185,0.0006103515,0
2186,0.0003051758,-0.301029924509172
2187,0.0003051757,-0.301030066818802
2188,0.0003051757,-0.301030066818802
2189,0.0003051758,-0.301029924509172
2190,0,-Inf
2191,0,-Inf
2192,0,-Inf
2193,0.0003051758,-0.301029924509172
2194,0.0003051758,-0.301029924509172
2195,0,-Inf
2196,0.0003051757,-0.301030066818802
2197,0.0003051758,-0.301029924509172
2198,0.0009155273,0.176091282773952
2199,0.0006103516,7.115480932346e-08
2200,0.0006103516,7.115480932346e-08
2201,0.0003051758,-0.301029924509172
2202,0.0006103515,0
2203,0.0003051758,-0.301029924509172
2204,0,-Inf
2205,0.0006103515,0
2206,0,-Inf
2207,0,-Inf
2208,0,-Inf
2209,0.0003051758,-0.301029924509172
2210,0.0003051758,-0.301029924509172
2211,0.0003051758,-0.301029924509172
2212,0.0006103515,0
2213,0,-Inf
2214,0.0006103515,0
2215,0.0003051758,-0.301029924509172
2216,0.0009155273,0.176091282773952
2217,0.0006103516,7.115480932346e-08
2218,0.0006103515,0
2219,0.0003051758,-0.301029924509172
2220,0.0006103515,0
2221,0.0003051757,-0.301030066818802
2222,0.0006103515,0
2223,0,-Inf
2224,0,-Inf
2225,0.0003051758,-0.301029924509172
2226,0,-Inf
2227,0.0003051758,-0.301029924509172
2228,0.0003051757,-0.301030066818802
2229,0.0003051757,-0.301030066818802
2230,0.0006103515,0
2231,0.0003051758,-0.301029924509172
2232,0.0006103515,0
2233,0.0003051758,-0.301029924509172
2234,0.0006103515,0
2235,0.0006103515,0
2236,0.0006103515,0
2237,0.0003051758,-0.301029924509172
2238,0,-Inf
2239,0.0003051758,-0.301029924509172
2240,0,-Inf
2241,0,-Inf
2242,0,-Inf
2243,0.0003051758,-0.301029924509172
2244,0.0003051758,-0.301029924509172
2245,0.0003051757,-0.301030066818802
2246,0.0006103515,0
2247,0.0003051757,-0.301030066818802
2248,0.0006103515,0
2249,0.0006103515,0
2250,0.0006103516,7.115480932346e-08
2251,0.0006103515,0
2252,0.0009155273,0.176091282773952
2253,0.0006103515,0
2254,0.0003051757,-0.301030066818802
2255,0.0003051758,-0.301029924509172
2256,0,-Inf
2257,0,-Inf
2258,0,-Inf
2259,0.0003051758,-0.301029924509172
2260,0.0003051758,-0.301029924509172
2261,0,-Inf
2262,0.0003051757,-0.301030066818802
2263,0.0003051758,-0.301029924509172
2264,0.0003051758,-0.301029924509172
2265,0.0006103515,0
2266,0.0009155273,0.176091282773952
2267,0.0006103515,0
2268,0.0003051758,-0.301029924509172
2269,0.0003051758,-0.301029924509172
2270,0.0003051757,-0.301030066818802
2271,0.0006103515,0
2272,0.0003051757,-0.301030066818802
2273,0,-Inf
2274,0,-Inf
2275,0,-Inf
2276,0,-Inf
2277,0.0003051758,-0.301029924509172
2278,0.0006103515,0
2279,0.0003051758,-0.301029924509172
2280,0.0003051757,-0.301030066818802
2281,0.0003051758,-0.301029924509172
2282,0.0006103515,0
2283,0.0006103516,7.115480932346e-08
2284,0.0009155273,0.176091282773952
2285,0.0006103515,0
2286,0.0006103515,0
2287,0.0006103515,0
2288,0.0003051758,-0.301029924509172
2289,0.0003051758,-0.301029924509172
2290,0,-Inf
2291,0,-Inf
2292,0,-Inf
2293,0,-Inf
2294,0.0003051758,-0.301029924509172
2295,0,-Inf
2296,0.0006103515,0
2297,0.0003051757,-0.301030066818802
2298,0.0006103515,0
2299,0.0006103516,7.115480932346e-08
2300,0.0006103516,7.115480932346e-08
2301,0.0003051758,-0.301029924509172
2302,0.0006103515,0
2303,0.0006103515,0
2304,0,-Inf
2305,0.0006103515,0
2306,0,-Inf
2307,0.0003051758,-0.301029924509172
2308,0,-Inf
2309,0.0003051758,-0.301029924509172
2310,0,-Inf
2311,0,-Inf
2312,0.0003051758,-0.301029924509172
2313,0.0006103515,0
2314,0.0003051758,-0.301029924509172
2315,0.0006103515,0
2316,0.0006103515,0
2317,0.0006103516,7.115480932346e-08
2318,0.0009155273,0.176091282773952
2319,0.0006103515,0
2320,0.0006103515,0
2321,0.0003051757,-0.301030066818802
2322,0.0003051757,-0.301030066818802
2323,0,-Inf
2324,0,-Inf
2325,0,-Inf
2326,0,-Inf
2327,0.0003051758,-0.301029924509172
2328,0.0003051758,-0.301029924509172
2329,0.0003051758,-0.301029924509172
2330,0.0003051757,-0.301030066818802
2331,0.0003051758,-0.301029924509172
2332,0.0006103515,0
2333,0.0003051758,-0.301029924509172
2334,0.0006103516,7.115480932346e-08
2335,0.0006103515,0
2336,0.0006103515,0
2337,0.0006103515,0
2338,0,-Inf
2339,0.0003051758,-0.301029924509172
2340,0,-Inf
2341,0,-Inf
2342,0.0003051758,-0.301029924509172
2343,0,-Inf
2344,0.0003051758,-0.301029924509172
2345,0,-Inf
2346,0.0003051758,-0.301029924509172
2347,0.0003051757,-0.301030066818802
2348,0.0006103515,0
2349,0.0009155273,0.176091282773952
2350,0.0003051758,-0.301029924509172
2351,0.0003051758,-0.301029924509172
2352,0.0003051758,-0.301029924509172
2353,0.0006103515,0
2354,0,-Inf
2355,0.0003051757,-0.301030066818802
2356,0.0003051758,-0.301029924509172
2357,0,-Inf
2358,0,-Inf
2359,-0.0003051758,NA
2360,-0.0003051758,NA
2361,0,-Inf
2362,0.0003051757,-0.301030066818802
2363,0.0003051757,-0.301030066818802
2364,0.0003051758,-0.301029924509172
2365,0.0009155273,0.176091282773952
2366,0.0006103516,7.115480932346e-08
2367,0.0003051758,-0.301029924509172
2368,0.0006103515,0
2369,0.0006103515,0
2370,0,-Inf
2371,0.0003051758,-0.301029924509172
2372,0.0003051757,-0.301030066818802
2373,0,-Inf
2374,-0.0003051758,NA
2375,0,-Inf
2376,0.0003051758,-0.301029924509172
2377,0,-Inf
2378,0.0006103515,0
2379,0,-Inf
2380,0.0006103515,0
2381,0.0003051758,-0.301029924509172
2382,0.0006103516,7.115480932346e-08
2383,0.0006103516,7.115480932346e-08
2384,0.0006103515,0
2385,0.0003051758,-0.301029924509172
2386,0.0003051758,-0.301029924509172
2387,0.0003051758,-0.301029924509172
2388,0.0003051758,-0.301029924509172
2389,0.0003051758,-0.301029924509172
2390,0,-Inf
2391,0.0003051758,-0.301029924509172
2392,0,-Inf
2393,0.0003051758,-0.301029924509172
2394,0,-Inf
2395,0,-Inf
2396,0.0006103515,0
2397,0.0003051758,-0.301029924509172
2398,0.0006103516,7.115480932346e-08
2399,0.0006103515,0
2400,0.0003051758,-0.301029924509172
2401,0.0006103516,7.115480932346e-08
2402,0.0006103515,0
2403,0.0006103515,0
2404,0.0006103515,0
2405,0.0003051757,-0.301030066818802
2406,0.0003051758,-0.301029924509172
2407,0,-Inf
2408,0.0003051758,-0.301029924509172
2409,0,-Inf
2410,0,-Inf
2411,0.0003051757,-0.301030066818802
2412,0,-Inf
2413,0,-Inf
2414,0.0003051757,-0.301030066818802
2415,0.0003051758,-0.301029924509172
2416,0.0009155273,0.176091282773952
2417,0.0003051758,-0.301029924509172
2418,0.0003051758,-0.301029924509172
2419,0.0003051758,-0.301029924509172
2420,0.0003051758,-0.301029924509172
2421,0.0006103515,0
2422,0.0003051757,-0.301030066818802
2423,0.0003051758,-0.301029924509172
2424,-0.0003051758,NA
2425,0,-Inf
2426,0.0003051758,-0.301029924509172
2427,0,-Inf
2428,0.0003051757,-0.301030066818802
2429,0.0003051758,-0.301029924509172
2430,0.0006103515,0
2431,0.0003051758,-0.301029924509172
2432,0.0009155273,0.176091282773952
2433,0.0006103516,7.115480932346e-08
2434,0.0006103515,0
2435,0.0009155273,0.176091282773952
2436,0.0006103515,0
2437,0.0003051757,-0.301030066818802
2438,0.0003051758,-0.301029924509172
2439,0,-Inf
2440,0,-Inf
2441,0,-Inf
2442,0,-Inf
2443,0,-Inf
2444,0.0006103515,0
2445,0.0003051758,-0.301029924509172
2446,0.0003051757,-0.301030066818802
2447,0,-Inf
2448,0.0006103515,0
2449,0.0009155273,0.176091282773952
2450,0,-Inf
2451,0.0006103516,7.115480932346e-08
2452,0.0006103515,0
2453,0.0006103515,0
2454,0.0003051757,-0.301030066818802
2455,0.0003051758,-0.301029924509172
2456,0.0003051758,-0.301029924509172
2457,-0.0003051758,NA
2458,0,-Inf
2459,0.0003051758,-0.301029924509172
2460,0,-Inf
2461,0,-Inf
2462,0.0003051758,-0.301029924509172
2463,0.0006103515,0
2464,0.0006103515,0
2465,0.0006103515,0
2466,0.0003051758,-0.301029924509172
2467,0.0003051758,-0.301029924509172
2468,0.0006103515,0
2469,0.0006103515,0
2470,0,-Inf
2471,0.0006103515,0
2472,0,-Inf
2473,0.0003051758,-0.301029924509172
2474,0,-Inf
2475,0,-Inf
2476,0.0003051758,-0.301029924509172
2477,0.0003051758,-0.301029924509172
2478,0,-Inf
2479,0.0006103515,0
2480,0.0003051757,-0.301030066818802
2481,0.0003051758,-0.301029924509172
2482,0.0003051758,-0.301029924509172
2483,0.0006103516,7.115480932346e-08
2484,0.0003051758,-0.301029924509172
2485,0,-Inf
2486,0.0006103515,0
2487,0.0006103515,0
2488,0.0006103515,0
2489,0,-Inf
2490,0,-Inf
2491,-0.0003051758,NA
2492,0,-Inf
2493,0,-Inf
2494,0,-Inf
2495,0.0003051757,-0.301030066818802
2496,0.0003051758,-0.301029924509172
2497,0.0006103515,0
2498,0.0006103516,7.115480932346e-08
2499,0.0006103515,0
2500,0.0003051758,-0.301029924509172
2501,0.0006103515,0
2502,0.0006103515,0
2503,0.0006103515,0
2504,0.0003051758,-0.301029924509172
2505,0.0006103515,0
2506,0,-Inf
2507,0,-Inf
2508,0,-Inf
2509,0.0003051758,-0.301029924509172
2510,0.0003051758,-0.301029924509172
2511,0,-Inf
2512,0.0003051757,-0.301030066818802
2513,0.0003051758,-0.301029924509172
2514,0.0006103515,0
2515,0.0009155273,0.176091282773952
2516,0.0003051758,-0.301029924509172
2517,0.0006103516,7.115480932346e-08
2518,0.0003051758,-0.301029924509172
2519,0.0006103515,0
2520,0,-Inf
2521,0.0006103515,0
2522,0.0003051757,-0.301030066818802
2523,-0.0003051758,NA
2524,0,-Inf
2525,0,-Inf
2526,0.0003051758,-0.301029924509172
2527,0.0003051758,-0.301029924509172
2528,0.0003051758,-0.301029924509172
2529,0.0006103515,0
2530,0,-Inf
2531,0.0006103515,0
2532,0.0006103516,7.115480932346e-08
2533,0.0006103516,7.115480932346e-08
2534,0.0006103515,0
2535,0.0003051758,-0.301029924509172
2536,0.0006103515,0
2537,0.0003051758,-0.301029924509172
2538,0.0003051758,-0.301029924509172
2539,0.0003051758,-0.301029924509172
2540,0.0003051758,-0.301029924509172
2541,-0.0003051758,NA
2542,0.0003051758,-0.301029924509172
2543,-0.0003051758,NA
2544,0.0003051758,-0.301029924509172
2545,0.0006103515,0
2546,0.0006103515,0
2547,0.0006103515,0
2548,0.0006103516,7.115480932346e-08
2549,0.0009155273,0.176091282773952
2550,0.0003051758,-0.301029924509172
2551,0.0003051758,-0.301029924509172
2552,0.0006103515,0
2553,0.0006103515,0
2554,0.0003051757,-0.301030066818802
2555,0.0003051758,-0.301029924509172
2556,0,-Inf
2557,0.0003051758,-0.301029924509172
2558,0.0003051758,-0.301029924509172
2559,0,-Inf
2560,0.0003051758,-0.301029924509172
2561,0,-Inf
2562,0,-Inf
2563,0.0006103515,0
2564,0.0006103516,7.115480932346e-08
2565,0.0003051758,-0.301029924509172
2566,0.0006103515,0
2567,0,-Inf
2568,0.0006103515,0
2569,0.0006103515,0
2570,0.0006103515,0
2571,0,-Inf
2572,0.0003051758,-0.301029924509172
2573,-0.0003051758,NA
2574,0,-Inf
2575,0,-Inf
2576,0.0003051758,-0.301029924509172
2577,0.0003051758,-0.301029924509172
2578,0.0003051758,-0.301029924509172
2579,0.0003051757,-0.301030066818802
2580,0,-Inf
2581,0.0006103515,0
2582,0.0009155273,0.176091282773952
2583,0.0006103516,7.115480932346e-08
2584,0.0006103515,0
2585,0.0006103515,0
2586,0,-Inf
2587,0.0003051758,-0.301029924509172
2588,0,-Inf
2589,0.0003051758,-0.301029924509172
2590,0,-Inf
2591,0.0003051758,-0.301029924509172
2592,0,-Inf
2593,0.0003051758,-0.301029924509172
2594,0.0003051758,-0.301029924509172
2595,0,-Inf
2596,0.0003051757,-0.301030066818802
2597,0.0003051758,-0.301029924509172
2598,0.0009155273,0.176091282773952
2599,0.0006103516,7.115480932346e-08
2600,0.0006103516,7.115480932346e-08
2601,0.0003051758,-0.301029924509172
2602,0.0006103516,7.115480932346e-08
2603,0,-Inf
2604,0.0006103515,0
2605,0.0003051757,-0.301030066818802
2606,0.0003051758,-0.301029924509172
2607,0,-Inf
2608,0,-Inf
2609,0.0003051758,-0.301029924509172
2610,0.0003051758,-0.301029924509172
2611,0.0006103515,0
2612,0,-Inf
2613,0,-Inf
2614,0.0006103515,0
2615,0.0003051758,-0.301029924509172
2616,0.0006103516,7.115480932346e-08
2617,0.0003051758,-0.301029924509172
2618,0.0006103515,0
2619,0.0006103515,0
2620,0.0003051758,-0.301029924509172
2621,0,-Inf
2622,0.0003051757,-0.301030066818802
2623,0,-Inf
2624,-0.0003051758,NA
2625,0.0003051758,-0.301029924509172
2626,0,-Inf
2627,0,-Inf
2628,0,-Inf
2629,0.0003051757,-0.301030066818802
2630,0.0006103515,0
2631,0.0003051758,-0.301029924509172
2632,0.0009155273,0.176091282773952
2633,0.0006103516,7.115480932346e-08
2634,0.0006103516,7.115480932346e-08
2635,0.0006103516,7.115480932346e-08
2636,0,-Inf
2637,0.0006103515,0
2638,0.0003051757,-0.301030066818802
2639,0.0006103515,0
2640,0,-Inf
2641,0,-Inf
2642,0,-Inf
2643,-0.0003051758,NA
2644,0.0003051758,-0.301029924509172
2645,0.0003051758,-0.301029924509172
2646,0.0003051757,-0.301030066818802
2647,0,-Inf
2648,0.0006103516,7.115480932346e-08
2649,0.0009155273,0.176091282773952
2650,0.0003051758,-0.301029924509172
2651,0.0003051758,-0.301029924509172
2652,0.0003051758,-0.301029924509172
2653,0.0006103515,0
2654,0.0003051758,-0.301029924509172
2655,0.0003051757,-0.301030066818802
2656,0.0003051758,-0.301029924509172
2657,0,-Inf
2658,0,-Inf
2659,0,-Inf
2660,0,-Inf
2661,0.0003051757,-0.301030066818802
2662,0.0006103515,0
2663,0.0006103515,0
2664,0.0006103515,0
2665,0.0003051758,-0.301029924509172
2666,0.0006103516,7.115480932346e-08
2667,0.0003051758,-0.301029924509172
2668,0.0006103516,7.115480932346e-08
2669,0.0006103515,0
2670,0.0006103515,0
2671,0.0003051757,-0.301030066818802
2672,0,-Inf
2673,0.0003051758,-0.301029924509172
2674,-0.0003051758,NA
2675,0,-Inf
2676,0.0003051758,-0.301029924509172
2677,0,-Inf
2678,0.0003051758,-0.301029924509172
2679,0.0006103515,0
2680,0.0006103515,0
2681,0.0003051758,-0.301029924509172
2682,0.0009155273,0.176091282773952
2683,0.0006103516,7.115480932346e-08
2684,0.0003051758,-0.301029924509172
2685,0.0006103516,7.115480932346e-08
2686,0.0006103515,0
2687,0.0006103515,0
2688,0.0003051758,-0.301029924509172
2689,0,-Inf
2690,0,-Inf
2691,0,-Inf
2692,-0.0003051758,NA
2693,0,-Inf
2694,0,-Inf
2695,0.0003051757,-0.301030066818802
2696,0.0003051758,-0.301029924509172
2697,0.0006103515,0
2698,0.0006103516,7.115480932346e-08
2699,0.0006103515,0
2700,0.0006103516,7.115480932346e-08
2701,0.0003051758,-0.301029924509172
2702,0.0003051758,-0.301029924509172
2703,0.0006103515,0
2704,0.0006103515,0
2705,0.0006103515,0
2706,0,-Inf
2707,0,-Inf
2708,0,-Inf
2709,0,-Inf
2710,0.0003051758,-0.301029924509172
2711,0.0003051758,-0.301029924509172
2712,0.0006103515,0
2713,0.0003051758,-0.301029924509172
2714,0.0006103515,0
2715,0.0009155273,0.176091282773952
2716,0,-Inf
2717,0.0003051758,-0.301029924509172
2718,0.0006103515,0
2719,0.0006103515,0
2720,0.0006103515,0
2721,0,-Inf
2722,0.0006103515,0
2723,0.0003051758,-0.301029924509172
2724,0,-Inf
2725,0,-Inf
2726,-0.0003051758,NA
2727,0.0003051758,-0.301029924509172
2728,0.0006103515,0
2729,0.0003051758,-0.301029924509172
2730,0.0003051757,-0.301030066818802
2731,0.0003051758,-0.301029924509172
2732,0.0006103515,0
2733,0.0003051758,-0.301029924509172
2734,0.0006103516,7.115480932346e-08
2735,0.0003051758,-0.301029924509172
2736,0.0006103515,0
2737,0.0003051757,-0.301030066818802
2738,0.0003051758,-0.301029924509172
2739,0.0003051758,-0.301029924509172
2740,-0.0003051758,NA
2741,0.0003051758,-0.301029924509172
2742,0.0003051758,-0.301029924509172
2743,0,-Inf
2744,0,-Inf
2745,0,-Inf
2746,0.0003051757,-0.301030066818802
2747,0.0006103515,0
2748,0.0003051758,-0.301029924509172
2749,0.0009155273,0.176091282773952
2750,0.0003051758,-0.301029924509172
2751,0.0006103516,7.115480932346e-08
2752,0.0003051758,-0.301029924509172
2753,0.0006103515,0
2754,0.0006103515,0
2755,0.0003051758,-0.301029924509172
2756,-0.0003051758,NA
2757,0,-Inf
2758,0,-Inf
2759,0,-Inf
2760,0.0003051758,-0.301029924509172
2761,0.0006103515,0
2762,0.0006103515,0
2763,0.0003051757,-0.301030066818802
2764,0.0006103515,0
2765,0.0003051758,-0.301029924509172
2766,0.0006103516,7.115480932346e-08
2767,0.0003051758,-0.301029924509172
2768,0.0003051758,-0.301029924509172
2769,0.0003051758,-0.301029924509172
2770,0.0003051757,-0.301030066818802
2771,0.0006103515,0
2772,0,-Inf
2773,0.0003051758,-0.301029924509172
2774,-0.0003051758,NA
2775,0,-Inf
2776,0.0003051758,-0.301029924509172
2777,0,-Inf
2778,0.0006103515,0
2779,0.0003051758,-0.301029924509172
2780,0.0006103515,0
2781,0.0003051758,-0.301029924509172
2782,0.0003051758,-0.301029924509172
2783,0.0006103516,7.115480932346e-08
2784,0.0006103515,0
2785,0.0009155273,0.176091282773952
2786,0.0006103515,0
2787,0.0006103515,0
2788,0,-Inf
2789,0.0003051758,-0.301029924509172
2790,0,-Inf
2791,0,-Inf
2792,0.0003051758,-0.301029924509172
2793,-0.0003051758,NA
2794,0.0003051757,-0.301030066818802
2795,0,-Inf
2796,0.0003051758,-0.301029924509172
2797,0.0006103515,0
2798,0.0006103515,0
2799,0.0009155273,0.176091282773952
2800,0.0006103516,7.115480932346e-08
2801,0.0003051758,-0.301029924509172
2802,0.0003051758,-0.301029924509172
2803,0.0006103515,0
2804,0.0003051757,-0.301030066818802
2805,0.0006103515,0
2806,0,-Inf
2807,0,-Inf
2808,0,-Inf
2809,-0.0003051758,NA
2810,-0.0003051758,NA
2811,0.0006103515,0
2812,0.0006103515,0
2813,0.0006103515,0
2814,0.0003051758,-0.301029924509172
2815,0.0006103515,0
